EXPEDI츒;;;;;;VENDAS.CVS;;;;;;;;;;;;;;;;;;;;;;;;;;;;
Documento de Faturamento;Centro de Distribui巫o Logistica;Texto - Centro de Distribui巫o Logistica;Cliente;Codigo Cidade Destino;Regi伋 (estado);Documento de Faturamento;Item Docto.Fat.;C祚. Pai;Qtd. Faturada (KG);Desconto SOW (ZSOD);Acr칠s. Cross Selling_ZCSA;Desco. Cross Selling_ZCSD;Acr칠scimo Contratos_ZCOA;Desconto Volume_ZAVD;Custo Servir Volume_ZSEV;Acr칠scimo Estrat칠gic (ZESA);Desconto Exclusividade (ZEXD);Acr칠sc Exclusividade_ZEXA;Custo de Corte_ZFOR;Contrato e Licita칞칚o (ZLIC);Valor da Fatura;QTD FATURADA*R$;;;Grupo de clientes;Centro de Distribui巫o Logistica;Canal de distribui巫o (texto);Codigo Cidade Destino;Grupo de materiais (F/B/S);Usu痙io final;Grupo de Mercadorias;Cliente;Organiza巫o de vendas;Hierarquia de produtos
98481396;1101;Unidade Suzano SP;21000924;43;AM;98481396;1;__C090B6XO0IS606M05_AS__2;27.700;0.0;0.0;0.0;0.0;-2452.61;0.0;-2996.78;0.0;0.0;0.0;0.0;R$ 23.800,91;R$ 659.285.207,00;;;RP;1101;Merc Inter Comercial;43;FS;1064026001;0B.2AS4;21000924;SZSP;0ASSU2PCOC5BAALSBS
98468051;1055;CDL Manaus;1203112050;43;AM;98468051;1;4EB_5R__P_7ARTO0RIM;935.714;0.0;0.0;0.0;0.0;0.0;-20.36;0.0;0.0;-443.9;0.0;0.0;R$ 7.177,73;R$ 6.716.302.449,22;;;17;1055;Merc Inter Comercial;43;FP;;7Q5AHR.4;1203112050;SZAM;OSM5E7REUOPRCPCCR0
98492567;1101;Unidade Suzano SP;1025080000;43;AM;98492567;1;03_PWIM01O02T07_5_S_X_20C;11.060;0.0;0.0;0.0;0.0;0.0;0.0;0.0;0.0;0.0;0.0;0.0;R$ 9.409,04;R$ 104.063.982,40;;;EO;1101;Merc Inter Comercial;43;FS;10260416;02.5PTW;1025080000;SZSP;PACRC
98518065;1055;CDL Manaus;4500101520;43;AM;98518065;1;5_AI07RRO_B_PM4_ETR;233.929;0.0;0.0;0.0;0.0;0.0;-34.6;0.0;0.0;-161.29;0.0;0.0;R$ 1.854,49;R$ 433.818.991,21;;;11;1055;Merc Inter Comercial;43;FP;;5.7HQAR4;4500101520;SZAM;PC7RUEMS5CRCP0OORE
98527822;1011;CDL Salvador;9830110004;45;BA;98527822;1;__00O_880__A06A70X4F0MICA;177.469;0.0;0.0;0.0;0.0;0.0;-18.5;0.0;0.0;97.59;0.0;0.0;R$ 1.549,81;R$ 275.043.230,89;;;PG;1011;Merc Inter Comercial;45;FP;;A75.0AA;9830110004;SZBA;OA7TFALC0NALOAR0SA
98470348;1011;CDL Salvador;1153010006;45;BA;98470348;1;R_C29__X0O0O6_6COMI5600A0F_F_C_;8.233;0.0;0.0;0.0;0.0;0.0;0.0;0.0;0.0;0.0;0.0;0.0;R$ 1.417,37;R$ 11.669.207,21;;;PG;1011;Merc Inter Comercial;45;FP;;CC.TCAVCF;1153010006;SZBA;AC
98480542;1011;CDL Salvador;5103080030;45;BA;98480542;1;066__60_0X_00OCFFMP9NI_12;39.919;0.0;0.0;0.0;0.0;0.0;0.0;0.0;0.0;0.0;0.0;0.0;R$ 464,00;R$ 18.522.416,00;;;PG;1011;Merc Inter Comercial;45;FP;;V0IFHR9FC;5103080030;SZBA;FRVFO
98480831;1011;CDL Salvador;501022080;45;BA;98480831;1;CAB930X___RC_0E2SM0O4INC0__00V4_;1.652;0.0;0.0;0.0;0.0;0.0;0.0;0.0;0.0;0.0;0.0;0.0;R$ 252,75;R$ 417.543,00;;;11;1011;Merc Inter Comercial;45;CX;;T6N.CL5SE;501022080;SZBA;NE
98532566;1011;CDL Salvador;1320792070;45;BA;98532566;1;BRP_A7TE_4MO__I0RR5;2.105.357;0.0;0.0;0.0;0.0;0.0;0.0;0.0;0.0;0.0;0.0;-18676.8;R$ 18.676,80;R$ 39.321.331.617,60;;;23;1011;Merc Inter Comercial;45;FP;;5Q.A47HR;1320792070;SZBA;5CRRPCCEP0RMUOOE7S
98486641;1011;CDL Salvador;6001008140;45;BA;98486641;1;6600CMFO0_10__F65X9I1__CG;1.822;0.0;0.0;0.0;0.0;0.0;0.0;0.0;0.0;0.0;0.0;0.0;R$ 223,02;R$ 406.342,44;;;PG;1011;Merc Inter Comercial;45;FP;;CKB09G0;6001008140;SZBA;NNVRO
98537416;1011;CDL Salvador;65150318;45;BA;98537416;1;0F6801I80__GOM14CC_0_FX5_;97.174;0.0;0.0;0.0;0.0;0.0;0.0;0.0;0.0;0.0;0.0;0.0;R$ 1.345,60;R$ 130.757.334,40;;;PG;1011;Merc Inter Comercial;45;FP;;G00KC9B;65150318;SZBA;VRNON
98485377;1011;CDL Salvador;603901103;45;BA;98485377;1;6CAXCF0_I_0O506NM_F900C_C26__O_;49.398;0.0;0.0;0.0;0.0;0.0;0.0;0.0;0.0;0.0;0.0;0.0;R$ 825,64;R$ 40.784.964,72;;;GA;1011;Merc Inter Comercial;45;FP;;VTCCAC.CF;603901103;SZBA;AC
98510693;1011;CDL Salvador;8201040022;45;BA;98510693;1;AIROR_R47M_P0BT_5_E;584.821;0.0;0.0;0.0;0.0;0.0;-40.64;0.0;0.0;0.0;0.0;0.0;R$ 5.226,90;R$ 3.056.800.884,90;;;11;1011;Merc Inter Comercial;45;FP;;RHQ.457A;8201040022;SZBA;RP0ORM5COUPSCC7ERE
98483358;1011;CDL Salvador;1100302119;45;BA;98483358;1;_A_IR_P5O0B7ERR_TM4;23.393;0.0;0.0;0.0;0.0;0.0;20.51;0.0;0.0;-12.7;0.0;0.0;R$ 222,70;R$ 5.209.621,10;;;17;1011;Merc Inter Comercial;45;FP;;R.HQ754A;1100302119;SZBA;0E7SCOC5POCRRMRUEP
98504505;1011;CDL Salvador;7006011186;45;BA;98504505;1;TRAR4B_50I_OP_7EM_R;46.786;0.0;0.0;0.0;0.0;0.0;21.94;0.0;0.0;-24.06;0.0;0.0;R$ 424,72;R$ 19.870.949,92;;;17;1011;Merc Inter Comercial;45;FP;;7AQH54.R;7006011186;SZBA;SMEOPORC0C75URECPR
98527085;1050;CDL Fortaleza;102165001;46;CE;98527085;1;I6_0SM__0BD0_X69FA00_52L0;5.325.717;0.0;0.0;0.0;0.0;-3135.84;0.0;-18.18;0.0;0.0;0.0;0.0;R$ 50.106,43;R$ 266.852.666.060,31;;;AG;1050;Merc Inter Imune;46;FP;;4A2BS0.;102165001;SZCE;CCPAR
98468276;1050;CDL Fortaleza;1250100008;46;CE;98468276;1;0N_0__XC_9M0I60P5O16_FF16;91.098;0.0;0.0;0.0;0.0;0.0;0.0;0.0;0.0;0.0;0.0;0.0;R$ 1.031,44;R$ 93.962.121,12;;;PG;1050;Merc Inter Comercial;46;FP;;1CF1T5B;1250100008;SZCE;FORFV
98539464;1050;CDL Fortaleza;580502100;46;CE;98539464;1;FXBM06_0E6O_G600_0_CI0_99;28.519;0.0;0.0;0.0;0.0;0.0;-2.97;0.0;0.0;0.0;0.0;0.0;R$ 211,33;R$ 6.026.920,27;;;PG;1050;Merc Inter Comercial;46;FP;;9GA.0EB;580502100;SZCE;APRPN
98507736;1050;CDL Fortaleza;5002015800;46;CE;98507736;1;_00IF22_O0G___7M1000EBCX9;165.167;0.0;0.0;0.0;0.0;0.0;-17.2;0.0;0.0;0.0;0.0;0.0;R$ 1.246,73;R$ 205.918.653,91;;;PG;1050;Merc Inter Comercial;46;FP;;.9GA0EB;5002015800;SZCE;PNPAR
98497375;1050;CDL Fortaleza;200010608;46;CE;98497375;1;0BC9X_MVC0E___CA_3IO06_RS0_260N0;966;0.0;0.0;0.0;0.0;0.0;0.0;0.0;0.0;0.0;0.0;0.0;R$ 1.274,21;R$ 1.230.886,86;;;GA;1050;Merc Inter Comercial;46;CX;;CES5.T8NL;200010608;SZCE;NE
98508476;1050;CDL Fortaleza;7010381810;46;CE;98508476;1;0XI6__629600AA0__M01ACOF_;114.077;0.0;0.0;0.0;0.0;0.0;-12.63;0.0;0.0;82.94;0.0;0.0;R$ 1.042,29;R$ 118.901.316,33;;;GP;1050;Merc Inter Comercial;46;FP;;AA5A.07;7010381810;SZCE;0OARSLTFNLCA1AA2AO
98517920;1050;CDL Fortaleza;1165061000;46;CE;98517920;1;5L__I6DR60XA0C2__0R96E00___0MF1O4BB_9;8.428;0.0;0.0;0.0;0.0;0.0;0.0;0.0;0.0;0.0;0.0;0.0;R$ 1.761,42;R$ 14.845.247,76;;;GP;1050;Merc Inter Comercial;46;FP;;DDT.AB250;1165061000;SZCE;DA
98506964;1050;CDL Fortaleza;9010009006;46;CE;98506964;1;0RX0FCA_D_6_60___1I_RB00EL2906_09BMO;3.612;0.0;0.0;0.0;0.0;0.0;0.0;0.0;0.0;0.0;0.0;0.0;R$ 693,33;R$ 2.504.307,96;;;19;1050;Merc Inter Comercial;46;FP;;D0DT0.BA2;9010009006;SZCE;DA
98473805;1050;CDL Fortaleza;201310200;46;CE;98473805;1;4M_N_5_OI7E0RAB_;26.200;0.0;0.0;0.0;0.0;0.0;0.0;0.0;0.0;0.0;0.0;0.0;R$ 14.462;R$ 378.906.496,00;;;LC;1050;Merc Inter Comercial;46;FP;6001501205;.74OAN5E;201310200;SZCE;CMCU5SRO7OERCRPPE0
98487029;1056;CDL Bras칤lia;8200200290;47;DF;98487029;1;0B7P4_MA___ORTIR5ER;93.571;0.0;0.0;0.0;0.0;0.0;58.08;0.0;0.0;-56.93;0.0;0.0;R$ 794,40;R$ 74.332.802,40;;;71;1056;Merc Inter Comercial;47;FP;;H5Q7A.R4;8200200290;SZDF;P50R7XCE57MSEREPUR
98483374;5400;Unidade Limeira SP;1400200110;47;DF;98483374;1;FDGMC0___0I806XL9008F4__0;58.290;0.0;0.0;0.0;0.0;-4195.87;0.0;0.0;0.0;0.0;0.0;0.0;R$ 44.965,89;R$ 2.621.061.728,10;;;DP;5400;Merc Inter Imune;47;FP;1200601640;K0GC0B9;1400200110;SZSP;RVONN
98524598;1101;Unidade Suzano SP;231005685;47;DF;98524598;1;__FMP008__0I60_XD9L9P7N00;194.880;0.0;0.0;0.0;0.0;0.0;0.0;0.0;0.0;0.0;0.0;0.0;R$ 159.388,50;R$ 31.061.630.880,00;;;CL;1101;Merc Inter Imune;47;FP;1001576080;0.NN770P;231005685;SZSP;PPNAR
98509862;1056;CDL Bras칤lia;1450010014;47;DF;98509862;1;RPI_M0_ETRBRRB_O_P457A_;59.840;0.0;0.0;0.0;0.0;0.0;-2314.99;0.0;0.0;0.0;0.0;0.0;R$ 43.487,66;R$ 2.602.301.574,40;;;11;1056;Merc Inter Comercial;47;FP;;5A.47RHQ;1450010014;SZDF;PSEOCCOREC57RR0UMP
98493792;1056;CDL Bras칤lia;9007104508;47;DF;98493792;1;M2BOS10X51_A__7CI_300F_07;81.583;0.0;0.0;0.0;0.0;0.0;0.0;0.0;0.0;0.0;0.0;0.0;R$ 1.055,50;R$ 86.110.856,50;;;GP;1056;Merc Inter Comercial;47;FP;;2ABS.04;9007104508;SZDF;PACRC
98492042;5400;Unidade Limeira SP;86010109;47;DF;98492042;1;00O4CF8_6_G00IM8_X_C0F_70;119.840;0.0;0.0;0.0;0.0;-9410.6;0.0;-20466.84;0.0;0.0;0.0;0.0;R$ 119.321,39;R$ 14.299.475.377,60;;;RP;5400;Merc Inter Comercial;47;FP;406062110;0GCK0B7;86010109;SZSP;NRONV
98535262;1047;CDL Vit칩ria;4087260902;48;ES;98535262;1;__R_7OERT5BP0_I4MAR;49.125;0.0;0.0;0.0;0.0;0.0;-182.05;0.0;0.0;0.0;0.0;0.0;R$ 3.934,42;R$ 193.278.382,50;;;11;1047;Merc Inter Comercial;48;FP;;7A4Q5RH.;4087260902;SZES;SPPM75ORRCECUE0ROC
98529549;1047;CDL Vit칩ria;980101500;48;ES;98529549;1;_0300_7R20_1X_FDC6O6O_9ECB6__00AF_MI;2.192;0.0;0.0;0.0;0.0;0.0;0.0;0.0;0.0;0.0;0.0;0.0;R$ 459,10;R$ 1.006.347,20;;;PG;1047;Merc Inter Comercial;48;FP;;AT0FDD.02;980101500;SZES;DA
98515299;1047;CDL Vit칩ria;9110007007;48;ES;98515299;1;N_1F7XI_6_C0009O_006_P6FM;538.519;0.0;0.0;0.0;0.0;-375.65;0.0;-496.58;0.0;0.0;0.0;0.0;R$ 5.144,56;R$ 2.770.443.306,64;;;AG;1047;Merc Inter Comercial;48;FP;;FXXCIVHRF;9110007007;SZES;FVOFR
98508990;1047;CDL Vit칩ria;5128120010;48;ES;98508990;1;6C__0F_OB409C_OIM6AX0_5B0RC_6_0;2.565;0.0;0.0;0.0;0.0;0.0;0.0;0.0;0.0;0.0;0.0;0.0;R$ 478,48;R$ 1.227.301,20;;;GP;1047;Merc Inter Comercial;48;FP;;VTCCBC.TA;5128120010;SZES;CA
98532690;1047;CDL Vit칩ria;405110600;48;ES;98532690;1;OG6_0__80I0CFF60__CM96X00;152.069;0.0;0.0;0.0;0.0;-854.93;0.0;9.75;0.0;0.0;0.0;0.0;R$ 17.905,91;R$ 2.722.933.827,79;;;AG;1047;Merc Inter Comercial;48;FP;;C8GKB00;405110600;SZES;NOVRN
98535250;1047;CDL Vit칩ria;5009052191;48;ES;98535250;1;3OPR5_E0T__AB_MIR7R;444.521;0.0;0.0;0.0;0.0;0.0;-134.58;0.0;0.0;0.0;0.0;0.0;R$ 3.525,50;R$ 1.567.158.785,50;;;11;1047;Merc Inter Comercial;48;FP;;H537AQ.R;5009052191;SZES;E7EPMSC5X5RE7PRURE
98493491;1053;CDL Goi칙nia;8305220052;49;GO;98493491;1;IFGD66_C6_0M0_L0F90X__080;633.621;0.0;0.0;0.0;0.0;0.0;-123.8;0.0;0.0;0.0;0.0;0.0;R$ 5.875,48;R$ 3.722.827.513,08;;;GP;1053;Merc Inter Imune;49;FP;;0BKGC80;8305220052;SZGO;OVRNN
98490852;1053;CDL Goi칙nia;6000057104;49;GO;98490852;1;6XMC40_BA_OCR_960BCO_0I5_0_0_6F;5.985;0.0;0.0;0.0;0.0;0.0;0.0;0.0;0.0;0.0;0.0;0.0;R$ 1.204,88;R$ 7.211.206,80;;;PG;1053;Merc Inter Comercial;49;FP;;CVTBAT.CC;6000057104;SZGO;CA
98472809;1101;Unidade Suzano SP;2621001003;49;GO;98472809;1;_AM0I0XLD1_0_090__A1F97A8;82.710;0.0;0.0;0.0;0.0;0.0;-3022.6;0.0;0.0;-4881.5;0.0;0.0;R$ 53.110,91;R$ 4.392.803.366,10;;;GP;1101;Merc Inter Imune;49;FP;;A50AA7.;2621001003;SZSP;ARPNP
98465610;1053;CDL Goi칙nia;3706012003;49;GO;98465610;1;7RB_4ERRTPMORI__0_A5_BP;490.875;0.0;0.0;0.0;0.0;0.0;-145.3;0.0;0.0;0.0;0.0;0.0;R$ 3.837,21;R$ 1.883.590.458,75;;;11;1053;Merc Inter Comercial;49;FP;;ARH4.57Q;3706012003;SZGO;RRECRMEPOPCC7O05SU
98467790;1053;CDL Goi칙nia;103110049;49;GO;98467790;1;_B_PEXRIRR04_AT_7_M5CO5;23.396;0.0;0.0;0.0;0.0;0.0;9.0;0.0;0.0;-14.18;0.0;0.0;R$ 215,32;R$ 5.037.626,72;;;17;1053;Merc Inter Comercial;49;FP;;.455AR7H;103110049;SZGO;EM0EPRRIE7CX57U5SP
98536640;1053;CDL Goi칙nia;201044000;49;GO;98536640;1;0R_B_PTI_5E74R_OAMR;233.929;0.0;0.0;0.0;0.0;0.0;-54.88;0.0;0.0;0.0;0.0;0.0;R$ 1.769,97;R$ 414.047.312,13;;;11;1053;Merc Inter Comercial;49;FP;;54QRHA7.;201044000;SZGO;RES5RMEEX7PUR5P70C
98481046;1004;CDL S칚o Paulo;115316100;49;GO;98481046;1;2C1_36MIS0_O701C80_7XC_1_;21.690;0.0;0.0;0.0;0.0;0.0;0.0;0.0;0.0;0.0;0.0;0.0;R$ 25.175,80;R$ 546.063.102,00;;;LA;1004;Merc Inter Comercial;49;FS;41661020;21.6C8C;115316100;SZSP;PCRCA
98514414;1053;CDL Goi칙nia;94168010;49;GO;98514414;1;9400_0AACIF0_0X6M0A8_O_8_;76.063;0.0;0.0;0.0;0.0;0.0;-9.77;0.0;0.0;-2.82;0.0;0.0;R$ 755,39;R$ 57.457.229,57;;;PG;1053;Merc Inter Comercial;49;FP;;.A70AA5;94168010;SZGO;NRPPA
98479877;1053;CDL Goi칙nia;10014033;49;GO;98479877;1;_0T_RBARO4ER7__PMI5;210.536;0.0;0.0;0.0;0.0;0.0;0.0;0.0;0.0;0.0;0.0;-1737.0;R$ 1.737,00;R$ 365.701.032,00;;;23;1053;Merc Inter Comercial;49;FP;;.54AQ7HR;10014033;SZGO;CPBPXHMSERE7RQR5E0
98497928;1053;CDL Goi칙nia;8631040001;49;GO;98497928;1;PB___TRR05REI74MAO_;116.964;0.0;0.0;0.0;0.0;0.0;-27.44;0.0;0.0;0.0;0.0;0.0;R$ 887,05;R$ 103.752.916,20;;;11;1053;Merc Inter Comercial;49;FP;;HQ4R5.7A;8631040001;SZGO;UMRPER05S7X7EE5RPC
98490703;1005;CDL Belo Horizonte;4023690060;51;MG;98490703;1;RRERO57BIPAT__0M__4;514.643;0.0;0.0;0.0;0.0;0.0;-356.16;0.0;0.0;-357.06;0.0;0.0;R$ 4.550,88;R$ 2.342.078.535,84;;;11;1005;Merc Inter Comercial;51;FP;;A5RQ.H47;4023690060;SZMG;R7EM5PSERPOCUOCR0C
98493005;1005;CDL Belo Horizonte;720504557;51;MG;98493005;1;RAOT7IR_0VEDP_5__M4;23.396;0.0;0.0;0.0;0.0;0.0;-17.78;0.0;0.0;-13.84;0.0;0.0;R$ 238,29;R$ 5.575.032,84;;;17;1005;Merc Inter Comercial;51;FP;;CLSOCRO.;720504557;SZMG;XAUELRMMCCROHOCSAI
98505613;1059;CD Campinas;520005550;67;MG;98505613;1;M_S4AONR__N7NA0_5EIIH;23.396;0.0;0.0;0.0;0.0;0.0;5.73;0.0;0.0;0.0;0.0;0.0;R$ 241,95;R$ 5.660.662,20;;;11;1059;Merc Inter Comercial;67;FP;;CL.SENOOR;520005550;SZMG;NMESIERNREASUTCSXI
98468514;1005;CDL Belo Horizonte;510200125;51;MG;98468514;1;5B_RAEP7OM_R0I_T4_R;23.393;0.0;-11.7;0.0;0.0;0.0;6.41;0.0;0.0;-12.49;0.0;0.0;R$ 216,68;R$ 5.068.795,24;;;17;1005;Merc Inter Comercial;51;FP;;.AHQ754R;510200125;SZMG;CP5R0EM7OOSCCPRURE
98504824;1005;CDL Belo Horizonte;260815107;51;MG;98504824;1;_ER0BA__P_4MT5IRO7R;140.357;0.0;0.0;0.0;0.0;0.0;-88.35;0.0;0.0;-98.26;0.0;0.0;R$ 1.204,48;R$ 169.057.199,36;;;11;1005;Merc Inter Comercial;51;FP;;4.R5H7QA;260815107;SZMG;RR75SOCEEOPPU0CMCR
98519320;1045;CDL Uberl칙ndia;904108019;41;MG;98519320;1;R0RT4_7P_5_IOBMEAR_;350.893;0.0;0.0;0.0;0.0;0.0;-218.46;0.0;0.0;-242.96;0.0;0.0;R$ 3.034,24;R$ 1.064.693.576,32;;;11;1045;Merc Inter Comercial;41;FP;;R47.5QAH;904108019;SZMG;OCRPECMSO7REUR0P5C
98474214;1005;CDL Belo Horizonte;59101407;51;MG;98474214;1;V47HNM_IA_N0SAI_N5_DE;23.396;0.0;0.0;0.0;0.0;0.0;-2.11;0.0;0.0;0.0;0.0;0.0;R$ 265,49;R$ 6.211.404,04;;;11;1005;Merc Inter Comercial;51;FP;;.OCSNORLE;59101407;SZMG;DNIEUVCNASMRTIEXES
98490343;1005;CDL Belo Horizonte;1000233133;51;MG;98490343;1;AI7_RRB_T0MO45RPE__;350.893;0.0;0.0;0.0;0.0;0.0;-220.88;0.0;0.0;-245.64;0.0;0.0;R$ 2.828,07;R$ 992.349.966,51;;;11;1005;Merc Inter Comercial;51;FP;;.Q4R7H5A;1000233133;SZMG;7EREUMCP7P55SRER0X
98529932;2100;Unidade Mucuri BA;102008110;51;MG;98529932;1;SFI_7_M06_50P0_0_50D18SXL;208.320;0.0;0.0;0.0;0.0;-18996.61;0.0;-35204.32;0.0;0.0;0.0;0.0;R$ 122.845,65;R$ 25.591.205.808,00;;;RP;2100;Merc Inter Imune;51;FS;266110400;7PF0S0.;102008110;SZBA;APPRN
98518009;1045;CDL Uberl칙ndia;321780000;41;MG;98518009;1;7_TR__M5RRE_0AB4OPI;70.179;0.0;-29.87;0.0;0.0;0.0;-5.61;0.0;0.0;-35.67;0.0;0.0;R$ 639,46;R$ 44.876.663,34;;;17;1045;Merc Inter Comercial;41;FP;;A4R.HQ75;321780000;SZMG;0MPC5SEEOCRPORCR7U
98516603;1059;CD Campinas;8111700770;51;MG;98516603;1;_OR_5RMB_0_PRA7ITE4;350.893;0.0;0.0;0.0;0.0;0.0;-220.88;0.0;0.0;-245.64;0.0;0.0;R$ 2.892,92;R$ 1.015.105.377,56;;;11;1059;Merc Inter Comercial;51;FP;;ARH.7Q45;8111700770;SZMG;RRS0COE5PROPCEU7MC
98537802;1005;CDL Belo Horizonte;6120097430;51;MG;98537802;1;005OFC0S9IB__6X__M62_6A00;713;0.0;0.0;0.0;0.0;0.0;0.0;0.0;0.0;0.0;0.0;0.0;R$ 1.033,13;R$ 736.621,69;;;GP;1005;Merc Inter Comercial;51;FP;;S2B.04A;6120097430;SZMG;PCACR
98498154;1005;CDL Belo Horizonte;6046010064;51;MG;98498154;1;CCCO9A_X6RIB4O6_M_0600B___0_05F;855;0.0;0.0;0.0;0.0;0.0;0.0;0.0;0.0;0.0;0.0;0.0;R$ 184,29;R$ 157.567,95;;;PG;1005;Merc Inter Comercial;51;FP;;VTCCCAT.B;6046010064;SZMG;AC
98528262;1005;CDL Belo Horizonte;3120040350;51;MG;98528262;1;F00I9D667P__0PBL60__0MX0_;443.478;0.0;0.0;0.0;0.0;-340.86;0.0;-280.66;-195.99;0.0;0.0;0.0;R$ 3.567,86;R$ 1.582.267.417,08;;;GA;1005;Merc Inter Imune;51;FP;;B0P.70P;3120040350;SZMG;PNAPR
98465674;1045;CDL Uberl칙ndia;605001076;41;MG;98465674;1;01F65M_X_BC41I8__00ON6_0P;182.167;0.0;0.0;0.0;0.0;-80.82;0.0;80.82;0.0;0.0;0.0;0.0;R$ 2.039,12;R$ 371.460.373,04;;;AG;1045;Merc Inter Comercial;41;FP;;RVHXXIBFC;605001076;SZMG;OFVRF
98526045;1005;CDL Belo Horizonte;3342060840;51;MG;98526045;1;M_BRMMG7_0N_54IAAU_;491.313;0.0;-897.2;0.0;0.0;0.0;-376.92;0.0;0.0;0.0;0.0;0.0;R$ 3.892,52;R$ 1.912.445.678,76;;;11;1005;Merc Inter Comercial;51;FP;;A4T57M.C;3342060840;SZMG;PRBHERSQ5REMEX07CP
98481422;1005;CDL Belo Horizonte;114000415;51;MG;98481422;1;C9780LG0MDI801X__F10_F__0;46.656;0.0;0.0;0.0;0.0;0.0;0.0;0.0;0.0;0.0;0.0;0.0;R$ 4.095,72;R$ 191.089.912,32;;;GP;1005;Merc Inter Imune;51;FP;;G00C8KB;114000415;SZMG;OVNRN
98525116;1005;CDL Belo Horizonte;2700498010;51;MG;98525116;1;_08I7G_0X_FM_0091_DFL08C1;32.076;0.0;0.0;0.0;0.0;0.0;0.0;0.0;0.0;0.0;0.0;0.0;R$ 2.750,72;R$ 88.232.094,72;;;GP;1005;Merc Inter Imune;51;FP;;B080GKC;2700498010;SZMG;RNNVO
98498800;1005;CDL Belo Horizonte;5001003172;51;MG;98498800;1;5R0I_TBAE__4MR_POR7;2.339.286;0.0;0.0;0.0;0.0;0.0;-1765.24;0.0;0.0;-1608.35;0.0;0.0;R$ 20.062,78;R$ 46.932.580.375,08;;;11;1005;Merc Inter Comercial;51;FP;;A47HRQ.5;5001003172;SZMG;RRPSOE5CM7RPCOUE0C
98465760;5400;Unidade Limeira SP;7500001101;69;MG;98465760;1;01CM2005A__B0_A0OA0X_05I_;10.420;0.0;0.0;0.0;0.0;0.0;0.0;0.0;0.0;0.0;-521.0;0.0;R$ 7.753,32;R$ 80.789.594,40;;;FA;5400;Merc Inter Comercial;69;BO;2160600014;5A.A00A;7500001101;SZSP;A0OCLLS5NTRA7OFAAA
98470494;1005;CDL Belo Horizonte;9061030;51;MG;98470494;1;M66_PI0F09__F6C_00XS_0O07;44.355;0.0;0.0;0.0;0.0;0.0;-5.9;0.0;0.0;-48.06;0.0;0.0;R$ 431,41;R$ 19.135.190,55;;;GP;1005;Merc Inter Comercial;51;FP;;7FSP.00;9061030;SZMG;PPRNA
98507147;1005;CDL Belo Horizonte;19501801;51;MG;98507147;1;OAR5R0_IAEPZ__7MT_4;11.698;0.0;0.0;0.0;0.0;0.0;-9.31;0.0;0.0;0.0;0.0;0.0;R$ 124,56;R$ 1.457.102,88;;;11;1005;Merc Inter Comercial;51;FP;;SLCCOOR.;19501801;SZMG;AXCRHIUCOLRMEACSOM
98480206;1046;CDL Campo Grande;1000769013;52;MS;98480206;1;_0SI_0B9_CO06_X26050_M6AF;237.667;0.0;0.0;0.0;0.0;0.0;0.0;0.0;0.0;0.0;0.0;0.0;R$ 3.367,76;R$ 800.405.415,92;;;PG;1046;Merc Inter Comercial;52;FP;;024.BSA;1000769013;SZMS;RCCAP
98533009;1046;CDL Campo Grande;611043080;52;MS;98533009;1;_0RE7PMT_BA_R5X_IO4R_C5;140.375;0.0;0.0;0.0;0.0;0.0;-29.61;0.0;0.0;0.0;0.0;0.0;R$ 1.321,70;R$ 185.533.637,50;;;11;1046;Merc Inter Comercial;52;FP;;RH55.7A4;611043080;SZMS;0CE5PSPE7RRM57IEUX
98481558;1046;CDL Campo Grande;5110200783;52;MS;98481558;1;07_M__BERAIPR_OR45T;350.893;0.0;0.0;0.0;0.0;0.0;-74.02;0.0;0.0;0.0;0.0;0.0;R$ 3.387,46;R$ 1.188.636.001,78;;;11;1046;Merc Inter Comercial;52;FP;;7HQ.R4A5;5110200783;SZMS;7EPCO0MESROCC5RRUP
98481559;1046;CDL Campo Grande;611612040;52;MS;98481559;1;OM__69PS6006_IX__6C500F0F;17.737;0.0;0.0;0.0;0.0;0.0;-2.68;0.0;0.0;0.0;0.0;0.0;R$ 229,74;R$ 4.074.898,38;;;PG;1046;Merc Inter Comercial;52;FP;;.05PFS6;611612040;SZMS;RANPP
98511773;1040;CDL Cuiab치;1100732100;53;MT;98511773;1;74_M_E5R__T0IBORPRA;140.357;0.0;0.0;0.0;0.0;0.0;-22.23;0.0;0.0;0.0;0.0;0.0;R$ 1.408,49;R$ 197.691.430,93;;;11;1040;Merc Inter Comercial;53;FP;;R.5HQ7A4;1100732100;SZMT;ERE7P5RCPHBXESRMQ0
98522743;1040;CDL Cuiab치;5510025088;53;MT;98522743;1;C6MI0AX6_O10__60A0_90_FA2;19.013;0.0;0.0;0.0;0.0;0.0;-2.19;0.0;0.0;0.0;0.0;0.0;R$ 200,55;R$ 3.813.057,15;;;GP;1040;Merc Inter Comercial;53;FP;;.A7A0A5;5510025088;SZMT;AL2OCL0AR1AFSATNOA
98484101;1040;CDL Cuiab치;2208050001;53;MT;98484101;1;9M00O_C_0IXA690_FAA060__6;28.521;0.0;0.0;0.0;0.0;0.0;-3.29;0.0;0.0;0.0;0.0;0.0;R$ 270,42;R$ 7.712.648,82;;;PG;1040;Merc Inter Comercial;53;FP;;.7AA50A;2208050001;SZMT;PAPRN
98497150;1040;CDL Cuiab치;641701170;53;MT;98497150;1;A1F8I_OA090X0_6_06C06M__A;57.038;0.0;0.0;0.0;0.0;0.0;-6.92;0.0;0.0;0.0;0.0;0.0;R$ 591,28;R$ 33.725.428,64;;;71;1040;Merc Inter Comercial;53;FP;;50AA7.A;641701170;SZMT;RNAPP
98539407;1040;CDL Cuiab치;209720814;53;MT;98539407;1;MA5_I0HVN_AI_N_7D4SNE;23.396;0.0;0.0;0.0;0.0;0.0;-7.88;0.0;0.0;0.0;0.0;0.0;R$ 273,56;R$ 6.400.209,76;;;11;1040;Merc Inter Comercial;53;FP;;L.OECRNOS;209720814;SZMT;TEENXSIEDAVSMIUCRN
98503376;1040;CDL Cuiab치;72090747;53;MT;98503376;1;6B0_OF6O___CXA__59I6C0R40_MC0B0;171;0.0;0.0;0.0;0.0;0.0;0.0;0.0;0.0;0.0;0.0;0.0;R$ 347,27;R$ 59.383,17;;;19;1040;Merc Inter Comercial;53;FP;;ABTVCCT.C;72090747;SZMT;AC
98494418;1040;CDL Cuiab치;6620410;53;MT;98494418;1;0M0BO0I9XO_R0664C__B50____CCA6F;855;0.0;0.0;0.0;0.0;0.0;0.0;0.0;0.0;0.0;0.0;0.0;R$ 177,84;R$ 152.053,20;;;91;1040;Merc Inter Comercial;53;FP;;AVBCCCTT.;6620410;SZMT;CA
98506912;1040;CDL Cuiab치;2000831430;53;MT;98506912;1;I_MB5RR4_TPAE_0O7_R;140.357;0.0;0.0;0.0;0.0;0.0;-22.24;0.0;0.0;0.0;0.0;0.0;R$ 1.393,13;R$ 195.535.547,41;;;11;1040;Merc Inter Comercial;53;FP;;QH7A5R4.;2000831430;SZMT;EE0RR77MX5CEPURPS5
98519608;1040;CDL Cuiab치;1810589008;53;MT;98519608;1;5_MET4PAR_R0OBRI_7_;116.964;0.0;0.0;0.0;0.0;0.0;0.0;0.0;0.0;0.0;0.0;-1022.5;R$ 1.022,51;R$ 119.596.859,64;;;23;1040;Merc Inter Comercial;53;FP;;HQ7.A5R4;1810589008;SZMT;RPRSUCE70PCOCMERO5
98493628;1054;CDL Bel칠m;512006023;54;PA;98493628;1;4P0F008____0IO8XSF600_MC7;1.162.871;0.0;0.0;0.0;0.0;0.0;-517.79;0.0;0.0;0.0;0.0;0.0;R$ 12.478,63;R$ 14.511.036.946,73;;;PG;1054;Merc Inter Comercial;54;FP;;.SF0P07;512006023;SZPA;ANPPR
98509673;1054;CDL Bel칠m;901150404;54;PA;98509673;1;FM017X_6_0ION_0_00_B6P69C;80.778;0.0;0.0;0.0;0.0;0.0;0.0;0.0;0.0;0.0;0.0;0.0;R$ 1.011,29;R$ 81.689.983,62;;;PG;1054;Merc Inter Comercial;54;FP;;TBB115C;901150404;SZPA;VFORF
98501603;1054;CDL Bel칠m;6400311081;54;PA;98501603;1;M5_EIH_S0I_A_4BNNNRA7;116.979;0.0;0.0;0.0;0.0;0.0;-30.38;0.0;0.0;-122.26;0.0;0.0;R$ 1.017,79;R$ 119.060.056,41;;;11;1054;Merc Inter Comercial;54;FP;;EN.BSR;6400311081;SZPA;SNNNIETESEU57MCIXE
98475738;1051;CDL Jaboat칚o dos Guararapes;1029071200;56;PE;98475738;1;16CF06FM5C0_X96_00G_O_1I_;273.293;0.0;0.0;0.0;0.0;0.0;0.0;0.0;0.0;0.0;0.0;0.0;R$ 3.106,92;R$ 849.099.487,56;;;GP;1051;Merc Inter Comercial;56;FP;;G0K90CB;1029071200;SZPE;VONRN
98507548;1051;CDL Jaboat칚o dos Guararapes;5008171709;56;PE;98507548;1;O__P_T_IERM5AR470RB;116.964;0.0;0.0;0.0;0.0;0.0;58.13;0.0;0.0;0.0;0.0;0.0;R$ 1.097,71;R$ 128.392.552,44;;;11;1051;Merc Inter Comercial;56;FP;;574RA.HQ;5008171709;SZPE;5OE0PMRRCRSCPECO7U
98504672;1051;CDL Jaboat칚o dos Guararapes;6120300111;56;PE;98504672;1;A0_O6AF_02_6940_0XIC06M_A;22.813;0.0;0.0;0.0;0.0;0.0;-2.46;0.0;0.0;-10.83;0.0;0.0;R$ 203,31;R$ 4.638.111,03;;;GP;1051;Merc Inter Comercial;56;FP;;AAA057.;6120300111;SZPE;NPPAR
98522346;1051;CDL Jaboat칚o dos Guararapes;502340400;56;PE;98522346;1;E_7TL4RO__TN_CCI0MA5IA;233.958;0.0;0.0;0.0;0.0;0.0;0.0;0.0;0.0;0.0;0.0;-1978.0;R$ 1.978,00;R$ 462.768.924,00;;;32;1051;Merc Inter Comercial;56;FP;;E4R.AC;502340400;SZPE;ECCICORI0SR7C5RECM
98528105;1051;CDL Jaboat칚o dos Guararapes;5061320030;56;PE;98528105;1;_MCA7B00F_0I1SO20517__3X_;135.972;0.0;0.0;0.0;0.0;-86.8;0.0;-0.69;0.0;0.0;0.0;0.0;R$ 1.767,11;R$ 240.277.480,92;;;GA;1051;Merc Inter Comercial;56;FP;;40S2.BA;5061320030;SZPE;CARCP
98507653;1051;CDL Jaboat칚o dos Guararapes;720907243;56;PE;98507653;1;IEO4BRRRT5_MP_0A_7_;70.179;0.0;0.0;0.0;0.0;0.0;5.44;0.0;0.0;-36.69;0.0;0.0;R$ 612,92;R$ 43.014.112,68;;;71;1051;Merc Inter Comercial;56;FP;;5HA.4RQ7;720907243;SZPE;CSCREM7EPPURO0O5RC
98505066;1051;CDL Jaboat칚o dos Guararapes;1167110007;56;PE;98505066;1;8BN__M_O00I_X800P_60_1F5CRB4;6.336;0.0;0.0;0.0;0.0;0.0;0.0;0.0;0.0;0.0;0.0;0.0;R$ 808,33;R$ 5.121.578,88;;;11;1051;Merc Inter Comercial;56;FP;;CBTB511;1167110007;SZPE;CH
98500876;1051;CDL Jaboat칚o dos Guararapes;2111806007;56;PE;98500876;1;NIHSO_AEM_NNA7__04R5I;46.792;0.0;0.0;0.0;0.0;0.0;26.77;0.0;0.0;0.0;0.0;0.0;R$ 503,63;R$ 23.565.854,96;;;11;1051;Merc Inter Comercial;56;FP;;CEO.SRNLO;2111806007;SZPE;ETIXNESRAUSINREMSC
98481027;1061;CDR Serra;6101000107;57;PI;98481027;1;0060X_5A0MA_76O9_A_FC_06I;106.480;-3057.32;0.0;0.0;0.0;-12229.28;0.0;-19577.04;0.0;0.0;0.0;0.0;R$ 84.010,73;R$ 8.945.462.530,40;;;DI;1061;Merc Inter Comercial;57;FP;4612000061;A5.0A7A;6101000107;SZES;PARPN
98498546;1058;CDL Londrina;5106404070;58;PR;98498546;1;MGF0OXC0_8F0_C48800___I06;225.303;0.0;0.0;0.0;0.0;0.0;0.0;0.0;0.0;0.0;0.0;0.0;R$ 2.458,80;R$ 553.975.016,40;;;PG;1058;Merc Inter Comercial;58;FP;;80CKG0B;5106404070;SZPR;OVNNR
98505409;1007;CDR S칚o Jose dos Pinhais;1063502180;58;PR;98505409;1;X_M0__S1_06700PO_12FC57FI;271.414;0.0;0.0;0.0;0.0;-185.31;0.0;0.0;0.0;0.0;0.0;0.0;R$ 2.488,98;R$ 675.544.017,72;;;GA;1007;Merc Inter Comercial;58;FP;;F.S0P07;1063502180;SZPR;ARPPN
98510375;1058;CDL Londrina;141008080;58;PR;98510375;1;0_DI5AU_74ATM_RAI_IN_ORBBO;678.479;0.0;-1541.69;0.0;0.0;0.0;-286.37;0.0;0.0;0.0;0.0;0.0;R$ 5.301,80;R$ 3.597.159.962,20;;;11;1058;Merc Inter Comercial;58;FP;;T.5MA47C;141008080;SZPR;5HMEQXE07PSEBRPCRR
98503337;1007;CDR S칚o Jose dos Pinhais;7289304007;59;PR;98503337;1;0F00OC_BAM0_BI_R6C694C__X__650O;855;0.0;0.0;0.0;0.0;0.0;0.0;0.0;0.0;0.0;0.0;0.0;R$ 160,71;R$ 137.407,05;;;GP;1007;Merc Inter Comercial;59;FP;;TCTVACBC.;7289304007;SZPR;CA
98483398;1007;CDR S칚o Jose dos Pinhais;3542118000;59;PR;98483398;1;6_C0FN100967M_BX_OP006__I;26.926;0.0;0.0;0.0;0.0;0.0;0.0;0.0;0.0;0.0;0.0;0.0;R$ 301,49;R$ 8.117.919,74;;;PG;1007;Merc Inter Comercial;59;FP;;B151CBT;3542118000;SZPR;FRFOV
98491310;1058;CDL Londrina;1100010711;58;PR;98491310;1;M_AI010O807C2__60AX1AF_1_;45.957;0.0;0.0;0.0;0.0;0.0;-5.7;0.0;0.0;-13.51;0.0;0.0;R$ 421,75;R$ 19.382.364,75;;;PG;1058;Merc Inter Comercial;58;FP;;A5AA07.;1100010711;SZPR;PAPRN
98472254;1058;CDL Londrina;310720504;58;PR;98472254;1;_X__O047F050A068_8ACIA_0M;12.675;0.0;0.0;0.0;0.0;0.0;-15.72;0.0;0.0;-37.27;0.0;0.0;R$ 1.153,69;R$ 14.623.020,75;;;PG;1058;Merc Inter Comercial;58;FP;;057AAA.;310720504;SZPR;APRNP
98517609;1007;CDR S칚o Jose dos Pinhais;8074008051;59;PR;98517609;1;TRRI_5__XC7_B40A5O_EPRM;70.188;0.0;0.0;0.0;0.0;0.0;-5.43;0.0;0.0;0.0;0.0;0.0;R$ 553,96;R$ 38.881.344,48;;;11;1007;Merc Inter Comercial;59;FP;;554R7H.A;8074008051;SZPR;70REIUEXSPRCPEM755
98494530;1058;CDL Londrina;1096008830;59;PR;98494530;1;F0F00_2P0M4_8__1I_O680CNX;8.869;0.0;0.0;0.0;0.0;0.0;0.0;0.0;0.0;0.0;0.0;0.0;R$ 974,86;R$ 8.646.033,34;;;PG;1058;Merc Inter Comercial;59;FP;;09BFC0T;1096008830;SZPR;RFVOF
98504449;1007;CDR S칚o Jose dos Pinhais;102063602;59;PR;98504449;1;_9C60DO0XM56AV06_B5CF_0O_0CFI___;26.151;0.0;0.0;0.0;0.0;0.0;0.0;0.0;0.0;0.0;0.0;0.0;R$ 434,93;R$ 11.373.854,43;;;GP;1007;Merc Inter Comercial;59;FP;;TCC.BCATF;102063602;SZPR;CA
98492102;1007;CDR S칚o Jose dos Pinhais;201100700;59;PR;98492102;1;6_00_IDF3_PF6_60L6_X0SM09;119.735;0.0;0.0;0.0;0.0;-92.09;0.0;0.0;0.0;0.0;0.0;0.0;R$ 792,78;R$ 94.923.513,30;;;GA;1007;Merc Inter Imune;59;FP;;F07SP0.;201100700;SZPR;RPPAN
98476345;1007;CDR S칚o Jose dos Pinhais;100591;59;PR;98476345;1;_FS_X0IF__70_O695P00MC606;16.631;0.0;0.0;0.0;0.0;-114.73;0.0;0.0;0.0;0.0;0.0;0.0;R$ 1.533,52;R$ 25.503.971,12;;;GA;1007;Merc Inter Comercial;59;FP;;.F7PS00;100591;SZPR;RNAPP
98506464;1007;CDR S칚o Jose dos Pinhais;1080150003;59;PR;98506464;1;P6I6_MC60F0__0O0_0S_9FX06;19.014;0.0;0.0;0.0;0.0;0.0;-2.38;0.0;0.0;-6.06;0.0;0.0;R$ 183,75;R$ 3.493.822,50;;;PG;1007;Merc Inter Comercial;59;FP;;07PFS0.;1080150003;SZPR;PANPR
98482249;1007;CDR S칚o Jose dos Pinhais;466610900;59;PR;98482249;1;0A_SF0_B3_00MO113_7X_I0C7;522.105;0.0;0.0;0.0;0.0;0.0;-91.09;0.0;0.0;0.0;0.0;0.0;R$ 6.924,69;R$ 3.615.415.272,45;;;PG;1007;Merc Inter Comercial;59;FP;;S.0A42B;466610900;SZPR;CRPAC
98527888;1007;CDR S칚o Jose dos Pinhais;1301085100;59;PR;98527888;1;O0NC_0M01_00I91__XB0B_P50;27.920;0.0;0.0;0.0;0.0;-1907.67;0.0;-253.45;0.0;0.0;-446.72;0.0;R$ 29.131,50;R$ 813.351.480,00;;;RP;1007;Merc Inter Comercial;59;BO;2400061601;9TC00BB;1301085100;SZPR;OVBBRC0CCFF09OT
98469586;1007;CDR S칚o Jose dos Pinhais;6001040053;58;PR;98469586;1;6_9006N_X0OC_06PFI7M0_1_F;2.154.074;0.0;0.0;0.0;0.0;-1633.01;0.0;-1126.78;-1502.37;0.0;0.0;0.0;R$ 19.572,01;R$ 42.159.557.868,74;;;PR;1007;Merc Inter Comercial;58;FP;164002601;FBCT511;6001040053;SZPR;FFROV
98503348;1007;CDR S칚o Jose dos Pinhais;1136006004;59;PR;98503348;1;00_C21_210_X7AFO1_MIA6A0_;10.214;0.0;0.0;0.0;0.0;0.0;-12.8;0.0;0.0;-32.53;0.0;0.0;R$ 929,94;R$ 9.498.407,16;;;GP;1007;Merc Inter Comercial;59;FP;;0AA5A.7;1136006004;SZPR;NARPP
98484936;1007;CDR S칚o Jose dos Pinhais;234904050;59;PR;98484936;1;R_R_EAOIPRM0_B475_T;140.357;0.0;0.0;0.0;0.0;0.0;-10.86;0.0;0.0;0.0;0.0;0.0;R$ 1.169,46;R$ 164.141.897,22;;;11;1007;Merc Inter Comercial;59;FP;;RQ4H.7A5;234904050;SZPR;7XRE0RMSPUC5RPE75E
98529220;1058;CDL Londrina;65100200;59;PR;98529220;1;9C_80_00I8O4_C_XMF0_06F0G;608.276;0.0;0.0;0.0;0.0;-431.7;0.0;-446.81;0.0;0.0;0.0;0.0;R$ 5.415,00;R$ 3.293.814.540,00;;;PR;1058;Merc Inter Comercial;59;FP;200601641;CGKB090;65100200;SZPR;NOVNR
98526157;1007;CDR S칚o Jose dos Pinhais;2603206300;59;PR;98526157;1;06N_0_X0C0I84__F21P_M08FO;354.762;0.0;0.0;0.0;0.0;0.0;0.0;0.0;0.0;0.0;0.0;0.0;R$ 3.932,52;R$ 1.395.108.660,24;;;GP;1007;Merc Inter Comercial;59;FP;;0FCT09B;2603206300;SZPR;FOFVR
98537176;1007;CDR S칚o Jose dos Pinhais;1730000011;59;PR;98537176;1;0_I__CX40M_0F66NOP98_0F00;1.140;0.0;0.0;0.0;0.0;-45.9;0.0;0.0;0.0;0.0;0.0;0.0;R$ 1.050,02;R$ 1.197.022,80;;;GA;1007;Merc Inter Comercial;59;FP;1600162040;F0CH9RIVF;1730000011;SZPR;0CFROTOF0VBFCC9
98483804;1007;CDR S칚o Jose dos Pinhais;3118000510;59;PR;98483804;1;_0P59MOF0I0_0B00C_1__NX01;27.490;0.0;0.0;0.0;0.0;-1878.29;0.0;-249.54;0.0;0.0;-439.84;0.0;R$ 28.682,86;R$ 788.491.821,40;;;PR;1007;Merc Inter Comercial;59;BO;1020106604;FC0T9B0;3118000510;SZPR;VOCRCFTFF90C0BO
98490956;1047;CDL Vit칩ria;108511810;60;RJ;98490956;1;PB_R_M4_E05RROI_7AT;2.339.286;0.0;0.0;0.0;0.0;0.0;-1121.0;0.0;0.0;-1119.54;0.0;0.0;R$ 17.388,32;R$ 40.676.253.539,52;;;71;1047;Merc Inter Comercial;60;FP;;QR4.A57H;108511810;SZRJ;ORRCU7C5RPP0EMOECS
98489094;1008;CDL Rio de Janeiro;900025010;60;RJ;98489094;1;H7__5_IA_MRI4NNEASON0;11.698;0.0;0.0;0.0;0.0;0.0;-4.7;0.0;0.0;0.0;0.0;0.0;R$ 118,72;R$ 1.388.786,56;;;PG;1008;Merc Inter Comercial;60;FP;;RSONO.ECL;900025010;SZRJ;SEMRSIXSAIETENCRUN
98536692;1008;CDL Rio de Janeiro;2400258007;60;RJ;98536692;1;_FI0LD6_80CF0M00X__G_4880;292.894;0.0;0.0;0.0;0.0;-170.49;0.0;0.0;0.0;0.0;0.0;0.0;R$ 2.192,57;R$ 642.190.597,58;;;GA;1008;Merc Inter Imune;60;FP;;KB80CG0;2400258007;SZRJ;VNONR
98536694;1008;CDL Rio de Janeiro;801803205;60;RJ;98536694;1;P_L19IXN_0_7M00_B1D8F_071;504.518;0.0;0.0;0.0;0.0;-206.11;0.0;-2.78;0.0;0.0;0.0;0.0;R$ 3.750,24;R$ 1.892.063.584,32;;;GA;1008;Merc Inter Imune;60;FP;;5CBB1T1;801803205;SZRJ;RVFFO
98510519;1047;CDL Vit칩ria;8623042200;60;RJ;98510519;1;7ER4TO5RB_AM__PR_0I;1.403.571;0.0;0.0;0.0;0.0;0.0;-567.63;0.0;0.0;0.0;0.0;0.0;R$ 11.031,31;R$ 15.483.226.808,01;;;11;1047;Merc Inter Comercial;60;FP;;A7R4Q.H5;8623042200;SZRJ;OSERCCU5RMROP0P7CE
98540755;5400;Unidade Limeira SP;9109018;60;RJ;98540755;1;MC_0_X_A25__A00O0I10A10B0;137.510;0.0;0.0;0.0;0.0;-10180.45;0.0;0.0;-5853.76;0.0;-2200.16;0.0;R$ 131.482,82;R$ 18.080.202.578,20;;;GA;5400;Merc Inter Comercial;60;BO;;0A7AA5.;9109018;SZSP;RNL8FOSA1AOAATLA0C
98485867;1008;CDL Rio de Janeiro;5170006;60;RJ;98485867;1;7E05A_P_TRRIM4RB__O;23.393;0.0;0.0;0.0;0.0;0.0;17.83;0.0;0.0;0.0;0.0;0.0;R$ 267,37;R$ 6.254.586,41;;;19;1008;Merc Inter Comercial;60;FP;;R4AQ7.H5;5170006;SZRJ;5UOESE7ROR0CPMRPCC
98481617;1047;CDL Vit칩ria;801507202;60;RJ;98481617;1;MPRTRABE0O_4_5I_7R_;140.357;0.0;0.0;0.0;0.0;0.0;-52.78;0.0;0.0;-68.19;0.0;0.0;R$ 1.055,48;R$ 148.144.006,36;;;71;1047;Merc Inter Comercial;60;FP;;4.57QARH;801507202;SZRJ;SP0U5R7ROCECEORCMP
98505313;1047;CDL Vit칩ria;1006525630;60;RJ;98505313;1;4_OPAITM7B5R__0R_RE;187.143;0.0;0.0;0.0;0.0;0.0;-63.98;0.0;0.0;0.0;0.0;0.0;R$ 1.398,76;R$ 261.768.142,68;;;11;1047;Merc Inter Comercial;60;FP;;.5RA4QH7;1006525630;SZRJ;CSP7OMCR5PCRU0EROE
98525355;1008;CDL Rio de Janeiro;180389110;60;RJ;98525355;1;4ART_OB__ME0R0RI_P9;14.031;0.0;0.0;0.0;0.0;0.0;4.46;0.0;0.0;-7.86;0.0;0.0;R$ 144,26;R$ 2.024.112,06;;;71;1008;Merc Inter Comercial;60;FP;;.HQ90AR4;180389110;SZRJ;UX9MECP9PER0R0SIE0
98524369;1008;CDL Rio de Janeiro;7003010081;60;RJ;98524369;1;LP8_6B_X18_F4M00DN_0500_I;42.229;0.0;0.0;0.0;0.0;-24.15;0.0;-0.23;0.0;0.0;0.0;0.0;R$ 307,42;R$ 12.982.039,18;;;GA;1008;Merc Inter Imune;60;FP;;B11TB5C;7003010081;SZRJ;FOVRF
98476103;1008;CDL Rio de Janeiro;1009905002;60;RJ;98476103;1;61A6F___0060I0X5C9__A0AOM;23.758;0.0;0.0;0.0;0.0;-17.59;0.0;0.0;-10.11;0.0;0.0;0.0;R$ 249,97;R$ 5.938.787,26;;;AG;1008;Merc Inter Comercial;60;FP;;A7A50.A;1009905002;SZRJ;NAPRP
98501525;1047;CDL Vit칩ria;8476010801;60;RJ;98501525;1;RA_M7RP_O_5B4EI0R_T;1.169.643;0.0;0.0;0.0;0.0;0.0;-473.03;0.0;0.0;0.0;0.0;0.0;R$ 8.999,26;R$ 10.525.921.464,18;;;11;1047;Merc Inter Comercial;60;FP;;R4AQH75.;8476010801;SZRJ;CRPRUO75O0CREECPSM
98489629;1008;CDL Rio de Janeiro;5100275007;60;RJ;98489629;1;TRORE_MR70IP_BA5_4_;49.125;0.0;0.0;0.0;0.0;0.0;-202.67;0.0;0.0;0.0;0.0;0.0;R$ 4.342,58;R$ 213.329.242,50;;;11;1008;Merc Inter Comercial;60;FP;;AHQ54.7R;5100275007;SZBA;EOSPU7OERCPC5RRMC0
98494327;1047;CDL Vit칩ria;22326803;60;RJ;98494327;1;OERX_I__BCA7TM4_RRP505_;584.896;0.0;0.0;0.0;0.0;0.0;-236.55;0.0;0.0;0.0;0.0;0.0;R$ 4.436,53;R$ 2.594.908.650,88;;;11;1047;Merc Inter Comercial;60;FP;;745H5AR.;22326803;SZRJ;E7U505PPXRR7SMEIEC
98484078;1004;CDL S칚o Paulo;17030160;60;RJ;98484078;1;9I8X00_S917MDC_00L_01__FF;655.813;0.0;0.0;0.0;0.0;-252.39;0.0;0.91;0.0;0.0;0.0;0.0;R$ 4.641,56;R$ 3.043.995.388,28;;;GA;1004;Merc Inter Imune;60;FP;;090GKFC;17030160;SZRJ;NONRV
98489632;1008;CDL Rio de Janeiro;1000801742;60;RJ;98489632;1;X6_0__060BI0A62M5_SF_DL90;95.067;0.0;0.0;0.0;0.0;-57.47;0.0;0.0;0.0;0.0;0.0;0.0;R$ 903,42;R$ 85.885.429,14;;;GA;1008;Merc Inter Imune;60;FP;;B4SA0.2;1000801742;SZRJ;RACPC
98500101;1008;CDL Rio de Janeiro;607031030;60;RJ;98500101;1;08_57IF_XN1P__01D0L9MF0_1;46.844;0.0;0.0;0.0;0.0;-19.14;0.0;0.0;0.0;0.0;0.0;0.0;R$ 351,96;R$ 16.487.214,24;;;AG;1008;Merc Inter Imune;60;FP;;TBCF115;607031030;SZRJ;VFFRO
98485832;1008;CDL Rio de Janeiro;509763209;60;RJ;98485832;1;074NNNMBAIHSR_A_I__E5;163.771;0.0;0.0;0.0;0.0;0.0;-74.33;0.0;0.0;0.0;0.0;0.0;R$ 1.639,00;R$ 268.420.669,00;;;11;1008;Merc Inter Comercial;60;FP;;NSE.BR;509763209;SZRJ;S7IUESNINEXNETCE5M
98484580;1047;CDL Vit칩ria;9850202029;60;RJ;98484580;1;__PRRB_5_E70T4AIMOR;233.929;0.0;0.0;0.0;0.0;0.0;-79.98;0.0;0.0;0.0;0.0;0.0;R$ 1.781,51;R$ 416.746.852,79;;;11;1047;Merc Inter Comercial;60;FP;;Q5.HA47R;9850202029;SZRJ;MR75USERO0PERCOPCC
98481709;1047;CDL Vit칩ria;12200178;60;RJ;98481709;1;_E7RPI4_R5M0_R_P_ROTABB;490.875;0.0;0.0;0.0;0.0;0.0;-218.35;0.0;0.0;-236.11;0.0;0.0;R$ 3.655,68;R$ 1.794.481.920,00;;;17;1047;Merc Inter Comercial;60;FP;;RQ54HA7.;12200178;SZRJ;RR7REPE0OMUP5CSCCO
98498960;1047;CDL Vit칩ria;40031614;60;RJ;98498960;1;IEPO__T5_R4MA7B_R0R;701.786;0.0;0.0;0.0;0.0;0.0;-283.82;0.0;0.0;0.0;0.0;0.0;R$ 5.195,60;R$ 3.646.199.341,60;;;11;1047;Merc Inter Comercial;60;FP;;54HAQ7R.;40031614;SZRJ;SCER0CCPUERRM5OO7P
98537370;1008;CDL Rio de Janeiro;1245509100;60;RJ;98537370;1;RAM5_4R7_B_ET0I_POR;233.929;0.0;0.0;0.0;0.0;0.0;-81.58;0.0;0.0;0.0;0.0;0.0;R$ 2.087,98;R$ 488.439.073,42;;;11;1008;Merc Inter Comercial;60;FP;;RAQ4.H57;1245509100;SZRJ;MPRC7CS5ORCEOUER0P
98505937;1004;CDL S칚o Paulo;2090170101;60;RJ;98505937;1;L__C__4ATI7I5EOACTMR0N;70.188;0.0;0.0;0.0;0.0;0.0;-27.74;0.0;0.0;0.0;0.0;0.0;R$ 692,04;R$ 48.572.903,52;;;17;1004;Merc Inter Comercial;60;FP;;C4.REA;2090170101;SZRJ;ERMO7RSICECCR5ICC0
98486169;1008;CDL Rio de Janeiro;500202110;60;RJ;98486169;1;0FG90X0MIBCO90____600_6E6;484.827;0.0;0.0;0.0;0.0;0.0;-61.76;0.0;0.0;0.0;0.0;0.0;R$ 5.373,35;R$ 2.605.145.160,45;;;PG;1008;Merc Inter Comercial;60;FP;;.G9E0BA;500202110;SZRJ;NRPPA
98519463;1051;CDL Jaboat칚o dos Guararapes;3007501703;61;RN;98519463;1;00062I__16OBMC__6_0P9NFX0;19.959;0.0;0.0;0.0;0.0;0.0;0.0;0.0;0.0;0.0;0.0;0.0;R$ 246,43;R$ 4.918.496,37;;;PG;1051;Merc Inter Comercial;61;FP;;BB900CT;3007501703;SZPE;VRFOF
98529403;1061;CDR Serra;2034003871;61;RN;98529403;1;9C_6_XFO0_0I_6M0_CGF70600;102.480;0.0;0.0;0.0;0.0;-7948.79;0.0;-1755.09;0.0;0.0;0.0;0.0;R$ 111.662,95;R$ 11.443.219.116,00;;;PR;1061;Merc Inter Comercial;61;FP;1024610060;70C0GKB;2034003871;SZES;NVONR
98486928;1047;CDL Vit칩ria;3048302701;61;RN;98486928;1;_G2C0CX6_0_0O_IF7010MF7_1;70.910;0.0;0.0;0.0;0.0;-5500.08;0.0;-1214.42;0.0;0.0;0.0;0.0;R$ 77.264,05;R$ 5.478.793.785,50;;;PR;1047;Merc Inter Comercial;61;FP;60624011;0B0KC7G;3048302701;SZES;RVONN
98492485;1040;CDL Cuiab치;102092200;62;RO;98492485;1;I5_MOE7RRB___4PATR0;2.339.286;0.0;0.0;0.0;0.0;0.0;-1051.0;0.0;0.0;0.0;0.0;0.0;R$ 18.908,83;R$ 44.233.161.295,38;;;11;1040;Merc Inter Comercial;62;FP;;5R4.7HQA;102092200;SZMT;PEXQR7SR5PBHEC0ERM
98477134;1055;CDL Manaus;1030061011;63;RR;98477134;1;_0IO_6_06_P_X6C609M0FF03S;19.956;0.0;0.0;0.0;0.0;0.0;-3.32;0.0;0.0;-3.14;0.0;0.0;R$ 200,83;R$ 4.007.763,48;;;PG;1055;Merc Inter Comercial;63;FP;;.07PFS0;1030061011;SZAM;ANPPR
98505018;1052;CDL Porto Alegre;80021454;64;RS;98505018;1;RPOEIR_MA_B0R4__5T7;26.200;0.0;0.0;0.0;0.0;0.0;-777.08;0.0;0.0;0.0;0.0;0.0;R$ 20.764,66;R$ 544.034.092,00;;;11;1052;Merc Inter Comercial;64;FP;;H7.5Q4AR;80021454;SZRS;PSEQE0EPBHR5R7MRXC
98502029;1052;CDL Porto Alegre;1300959070;64;RS;98502029;1;601001_I_MBF_P72_X0N_15DL;421.429;0.0;0.0;0.0;0.0;0.0;0.0;0.0;0.0;0.0;0.0;0.0;R$ 3.717,61;R$ 1.566.708.664,69;;;PG;1052;Merc Inter Imune;64;FP;;BBCT511;1300959070;SZRS;FVOFR
98473187;1052;CDL Porto Alegre;169004416;64;RS;98473187;1;0_40806AFXC0A__08MA0IO_7_;59.156;0.0;0.0;0.0;0.0;0.0;-6.38;0.0;0.0;0.0;0.0;0.0;R$ 538,64;R$ 31.863.787,84;;;GP;1052;Merc Inter Comercial;64;FP;;AAA57.0;169004416;SZRS;7LAS00TANROFALAOCA
98538322;1052;CDL Porto Alegre;7001660036;64;RS;98538322;1;IMO_RA5BR_P07__ERT4;140.357;0.0;0.0;0.0;0.0;0.0;-9.47;0.0;0.0;0.0;0.0;0.0;R$ 1.087,25;R$ 152.603.148,25;;;11;1052;Merc Inter Comercial;64;FP;;4A5H.7RQ;7001660036;SZRS;CCR7RORPUM5PEOEC0S
98491177;1101;Unidade Suzano SP;800001110;64;RS;98491177;1;_SP2066M_5__3OX0FC9_063IT;57.600;0.0;0.0;0.0;0.0;0.0;0.0;0.0;0.0;0.0;0.0;0.0;R$ 64.581,67;R$ 3.719.904.192,00;;;AF;1101;Merc Inter Comercial;64;FS;107001204;.27WT5F;800001110;SZSP;CPIFT033PPOPRTTCFW
98500361;1052;CDL Porto Alegre;2045204703;64;RS;98500361;1;4A_RO_RE0_PTB_R5I7M;1.380.179;0.0;0.0;0.0;0.0;0.0;-251.22;0.0;0.0;0.0;0.0;0.0;R$ 10.257,31;R$ 14.156.923.858,49;;;11;1052;Merc Inter Comercial;64;FP;;7R45H.QA;2045204703;SZRS;E0PRORMPS75ECOUCRC
98504977;1052;CDL Porto Alegre;2305003170;64;RS;98504977;1;0M_N4AAM_7RIM_B5GU_;13.100;0.0;-2054.91;0.0;0.0;0.0;-441.59;0.0;0.0;0.0;0.0;0.0;R$ 8.677,44;R$ 113.674.464,00;;;11;1052;Merc Inter Comercial;64;FP;;TC.5MA74;2305003170;SZRS;5PRMEXSU757PEE0RRC
98537997;1052;CDL Porto Alegre;84713;64;RS;98537997;1;I_0170F_0684_0OX_0FPN8M_C;718.065;0.0;0.0;0.0;0.0;0.0;-61.33;0.0;0.0;0.0;0.0;0.0;R$ 7.291,84;R$ 5.236.015.089,60;;;PG;1052;Merc Inter Comercial;64;FP;;C11FB5T;84713;SZRS;FRVOF
98471970;1052;CDL Porto Alegre;78701025;64;RS;98471970;1;50_6_0F__C_9OXOCF6M_A5C060Z0B_IA;8.717;0.0;0.0;0.0;0.0;0.0;0.0;0.0;0.0;0.0;0.0;0.0;R$ 155,42;R$ 1.354.796,14;;;PG;1052;Merc Inter Comercial;64;FP;;BTCCTFCA.;78701025;SZRS;CA
98524419;1052;CDL Porto Alegre;900913043;64;RS;98524419;1;I_P7RR0_T5M_B_EARO4;49.125;0.0;0.0;0.0;0.0;0.0;-89.42;0.0;0.0;0.0;0.0;0.0;R$ 3.604,33;R$ 177.062.711,25;;;11;1052;Merc Inter Comercial;64;FP;;475QAR.H;900913043;SZRS;B0REEPMCRXHQ5ERPS7
98505030;1052;CDL Porto Alegre;701000191;64;RS;98505030;1;R_RE5IOB0TMRAP47___;233.929;0.0;0.0;0.0;0.0;0.0;-15.78;0.0;0.0;0.0;0.0;0.0;R$ 1.815,10;R$ 424.604.527,90;;;GP;1052;Merc Inter Comercial;64;FP;;4QRH75A.;701000191;SZRS;PE057REUCPMOORRSCC
98528066;1052;CDL Porto Alegre;1099017802;64;RS;98528066;1;9_FMCA6A88_0XA0_00__I4O00;25.354;0.0;0.0;0.0;0.0;0.0;-3.03;0.0;0.0;0.0;0.0;0.0;R$ 253,13;R$ 6.417.858,02;;;71;1052;Merc Inter Comercial;64;FP;;705AAA.;1099017802;SZRS;RPPAN
98529641;1007;CDR S칚o Jose dos Pinhais;5581410800;65;SC;98529641;1;7BR_5OT_PR0R_EI_M4A;140.357;0.0;0.0;0.0;0.0;0.0;-37.19;0.0;0.0;0.0;0.0;0.0;R$ 1.151,58;R$ 161.632.314,06;;;GP;1007;Merc Inter Comercial;65;FP;;RH.AQ475;5581410800;SZPR;CR7COCPM05RSUEOEPR
98499070;1007;CDR S칚o Jose dos Pinhais;1701106810;65;SC;98499070;1;4_A0__MIN5NH_A7IAENZS;257.354;0.0;0.0;0.0;0.0;0.0;-150.54;0.0;0.0;0.0;0.0;0.0;R$ 2.215,58;R$ 570.188.375,32;;;11;1007;Merc Inter Comercial;65;FP;;CN.OOSLRE;1701106810;SZPR;SIZAAMSTIRENXUNECE
98523289;1007;CDR S칚o Jose dos Pinhais;4975107;65;SC;98523289;1;O___9000CF4C_060XI0_88MFG;202.759;0.0;0.0;0.0;0.0;0.0;0.0;0.0;0.0;0.0;0.0;0.0;R$ 2.110,69;R$ 427.961.393,71;;;PG;1007;Merc Inter Comercial;65;FP;;9C0KG0B;4975107;SZPR;RONNV
98495323;1101;Unidade Suzano SP;1991000500;65;SC;98495323;1;7SW9O00_PC3800T8MX____I36;49.940;0.0;0.0;0.0;0.0;0.0;0.0;0.0;0.0;0.0;0.0;0.0;R$ 43.652,46;R$ 2.180.003.852,40;;;FA;1101;Merc Inter Comercial;65;FS;5711100001;.PW2T50;1991000500;SZSP;CCARP
98508422;1007;CDR S칚o Jose dos Pinhais;137600310;65;SC;98508422;1;9XF00_10B5_0MCO0_0N1P0__I;40.350;0.0;0.0;0.0;0.0;-1882.01;0.0;0.0;0.0;0.0;-645.6;0.0;R$ 42.845,29;R$ 1.728.807.451,50;;;AG;1007;Merc Inter Comercial;65;BO;;0TF0CB9;137600310;SZPR;R0F0F9OCCFVBOCT
98502124;1052;CDL Porto Alegre;6081000001;65;SC;98502124;1;800M_0A_I6O_AFA010X4C8__8;507.037;0.0;0.0;0.0;0.0;0.0;-60.08;0.0;0.0;0.0;0.0;0.0;R$ 4.817,40;R$ 2.442.600.043,80;;;PG;1052;Merc Inter Comercial;65;FP;;0A57.AA;6081000001;SZPR;RNAPP
98493942;1007;CDR S칚o Jose dos Pinhais;1701906780;65;SC;98493942;1;0F30G90O1BC_0IXM___07C0_0;7.270;0.0;0.0;0.0;0.0;-492.83;0.0;0.0;0.0;0.0;-116.32;0.0;R$ 6.766,52;R$ 49.192.600,40;;;AG;1007;Merc Inter Comercial;65;BO;;CGB0K09;1701906780;SZPR;NRVON
98491394;1007;CDR S칚o Jose dos Pinhais;3111101000;65;SC;98491394;1;0_60SF90OM0I4F8PC0__08__X;25.347;0.0;0.0;0.0;0.0;0.0;-3.0;0.0;0.0;0.0;0.0;0.0;R$ 243,17;R$ 6.163.629,99;;;GP;1007;Merc Inter Comercial;65;FP;;F.S0P07;3111101000;SZPR;ANRPP
98485035;1007;CDR S칚o Jose dos Pinhais;43266300;65;SC;98485035;1;7CPB5I_E_4R_X0RATM5R__O;70.188;0.0;0.0;0.0;0.0;0.0;-6.42;0.0;0.0;-36.68;0.0;0.0;R$ 598,47;R$ 42.005.412,36;;;17;1007;Merc Inter Comercial;65;FP;;.4H5A57R;43266300;SZPR;7E7PR5U0PX5ECERIMS
98511977;1007;CDR S칚o Jose dos Pinhais;40102192;65;SC;98511977;1;74AXM8_A00I_5F_0C6__O80A0;12.675;0.0;0.0;0.0;0.0;-847.32;0.0;223.14;0.0;0.0;0.0;0.0;R$ 11.617,97;R$ 147.257.769,75;;;AG;1007;Merc Inter Comercial;65;FP;610460021;.705AAA;40102192;SZPR;PARNP
98504811;1051;CDL Jaboat칚o dos Guararapes;3600821030;66;SE;98504811;1;__FS_AIX9B6_0063M_06C000O;5.704;0.0;0.0;0.0;0.0;-424.92;0.0;6.66;0.0;0.0;0.0;0.0;R$ 8.066,41;R$ 46.010.802,64;;;GA;1051;Merc Inter Comercial;66;FP;;4ASB.02;3600821030;SZBA;RCCAP
98534944;1011;CDL Salvador;7908412;66;SE;98534944;1;4_5A_IB7_OETMR0RPR_;5.848.214;0.0;0.0;0.0;0.0;0.0;-1939.1;0.0;0.0;-1705.51;0.0;0.0;R$ 47.235,51;R$ 276.243.370.879,14;;;11;1011;Merc Inter Comercial;66;FP;;QA5R7.H4;7908412;SZBA;PM7RC5ESCOC0ERRPUO
98466900;1011;CDL Salvador;405046023;66;SE;98466900;1;_MX6052C6BFN__0O_0I960_P0;5.940;0.0;0.0;0.0;0.0;0.0;0.0;0.0;0.0;0.0;0.0;0.0;R$ 7.411,13;R$ 44.022.112,20;;;GP;1011;Merc Inter Comercial;66;FP;;BT0BC03;405046023;SZBA;CH
98480601;1004;CDL S칚o Paulo;3601106001;69;SP;98480601;1;IP0L9_FF__0D70_2M012_0X0S;40.500;0.0;0.0;0.0;0.0;-3184.29;0.0;-1432.93;0.0;0.0;0.0;0.0;R$ 26.612,23;R$ 1.077.795.315,00;;;AG;1004;Merc Inter Imune;69;FP;;S.7PF00;3601106001;SZSP;NRPAP
98514566;1004;CDL S칚o Paulo;7010034100;69;SP;98514566;1;0D0__0L0XM096BP6___067FPI;1.618.696;0.0;0.0;0.0;0.0;-1141.34;0.0;-283.51;0.0;0.0;0.0;0.0;R$ 11.948,38;R$ 19.340.794.912,48;;;AG;1004;Merc Inter Imune;69;FP;;P70B0.P;7010034100;SZSP;RAPNP
98494471;1004;CDL S칚o Paulo;105227670;69;SP;98494471;1;RM70O_5ETBAPI__R_4R;140.357;0.0;0.0;0.0;0.0;0.0;-73.21;0.0;0.0;0.0;0.0;0.0;R$ 1.294,05;R$ 181.628.975,85;;;11;1004;Merc Inter Comercial;69;FP;;H47A.QR5;105227670;SZSP;SCP05MREOORRC7CPEU
98477123;1059;CD Campinas;8100091744;67;SP;98477123;1;5M_5I_OCR__RBR47_PAXE0T;116.979;0.0;0.0;0.0;0.0;0.0;0.0;0.0;0.0;0.0;0.0;-975.0;R$ 975,00;R$ 114.054.525,00;;;32;1059;Merc Inter Comercial;67;FP;;57R.A5H4;8100091744;SZSP;S755RXPP7EERUEIMC0
98474129;1004;CDL S칚o Paulo;7110404080;69;SP;98474129;1;0M846O_A02F__I_008AA4X_C0;202.813;0.0;0.0;0.0;0.0;0.0;-20.69;0.0;0.0;0.0;0.0;0.0;R$ 1.769,43;R$ 358.863.406,59;;;GP;1004;Merc Inter Comercial;69;FP;;0AA57.A;7110404080;SZSP;NAPRP
98491640;1004;CDL S칚o Paulo;3000425028;69;SP;98491640;1;IBC___T4RRMOR705E5A_XP_;23.396;0.0;0.0;0.0;0.0;0.0;1.19;0.0;0.0;-13.72;0.0;0.0;R$ 237,43;R$ 5.554.912,28;;;17;1004;Merc Inter Comercial;69;FP;;4R.5HA75;3000425028;SZSP;5PUMSX57RI7PEC0EER
98532864;1059;CD Campinas;701902077;67;SP;98532864;1;EPI_TO74R_BRM_R05A_;46.786;0.0;0.0;0.0;0.0;0.0;17.87;0.0;0.0;-26.58;0.0;0.0;R$ 497,59;R$ 23.280.245,74;;;71;1059;Merc Inter Comercial;67;FP;;H475QAR.;701902077;SZSP;PR5EM07S5ERXCR7EPU
98489244;1059;CD Campinas;213003528;67;SP;98489244;1;E_R5RMAP_TIO7_4R0B_;70.179;0.0;0.0;0.0;0.0;0.0;16.5;0.0;0.0;0.0;0.0;0.0;R$ 704,34;R$ 49.429.876,86;;;11;1059;Merc Inter Comercial;67;FP;;4.A7H5RQ;213003528;SZSP;5CRMXU75PE7EPRERS0
98504427;1004;CDL S칚o Paulo;84321060;69;SP;98504427;1;A1MXO_F21IC00_76A0__0_6A3;1.340;0.0;0.0;0.0;0.0;-82.85;0.0;0.0;0.0;0.0;0.0;0.0;R$ 1.203,15;R$ 1.612.221,00;;;GA;1004;Merc Inter Comercial;69;FP;;A0.A7A5;84321060;SZSP;LACTASAFOAA30RNL6O
98487808;1101;Unidade Suzano SP;1702180200;69;SP;98487808;1;0MOX_S_033_I__P23490FC78T;113.000;0.0;0.0;0.0;0.0;0.0;0.0;0.0;0.0;0.0;0.0;0.0;R$ 132.670,08;R$ 14.991.719.040,00;;;FA;1101;Merc Inter Comercial;69;FS;162461;FW.275T;1702180200;SZSP;RPP3FTOPTW0IP3FTCC
98522891;1101;Unidade Suzano SP;300180071;69;SP;98522891;1;O_1C00__00S3_1_0XBSI737MA;18.010;0.0;0.0;0.0;0.0;0.0;0.0;0.0;0.0;0.0;0.0;0.0;R$ 18.581,26;R$ 334.648.492,60;;;ED;1101;Merc Inter Comercial;69;FS;106460201;.A2S40B;300180071;SZSP;PARCC
98476078;1004;CDL S칚o Paulo;1127000098;69;SP;98476078;1;BM4_R_R_ET9O_A0IR0P;14.031;0.0;0.0;0.0;0.0;0.0;-5.25;0.0;0.0;0.0;0.0;0.0;R$ 140,34;R$ 1.969.110,54;;;GP;1004;Merc Inter Comercial;69;FP;;H094RQA.;1127000098;SZSP;EE0RUERPC00IPXM9S9
98527205;1059;CD Campinas;105004011;67;SP;98527205;1;06_0I0D190C6RL9_AM_E000___2O_BF6X_RB;4.816;0.0;0.0;0.0;0.0;0.0;0.0;0.0;0.0;0.0;0.0;0.0;R$ 1.062,09;R$ 5.115.025,44;;;PG;1059;Merc Inter Comercial;67;FP;;200TA.DDB;105004011;SZSP;DA
98540581;1101;Unidade Suzano SP;111720003;69;SP;98540581;1;70520_CBMS61IN__0X651_0O_;10.710;0.0;0.0;0.0;0.0;0.0;0.0;0.0;0.0;0.0;-171.36;0.0;R$ 10.191,62;R$ 109.152.250,20;;;OE;1101;Merc Inter Comercial;69;BO;1182180020;.S6225P;111720003;SZSP;UECP5CN2PSS7GP6D6O
98536411;1004;CDL S칚o Paulo;9105200300;69;SP;98536411;1;BRRTME_A0O_R_P57I_4;350.893;0.0;0.0;0.0;0.0;0.0;-183.01;0.0;0.0;0.0;0.0;0.0;R$ 3.036,18;R$ 1.065.374.308,74;;;11;1004;Merc Inter Comercial;69;FP;;Q7HAR4.5;9105200300;SZSP;075REMERP5C7RXESUP
98537014;1041;CDL Ribeir칚o Preto;919200063;68;SP;98537014;1;_M__60_F00O00CD69X_1_ELBR_0260B_9AIR;4.816;0.0;0.0;0.0;0.0;0.0;0.0;0.0;0.0;0.0;0.0;0.0;R$ 1.042,85;R$ 5.022.365,60;;;11;1041;Merc Inter Comercial;68;FP;;002DDBTA.;919200063;SZSP;DA
98489384;1004;CDL S칚o Paulo;2021300541;69;SP;98489384;1;__BEP_7RA50RITO4R_M;23.393;0.0;0.0;0.0;0.0;0.0;-1.95;0.0;0.0;0.0;0.0;0.0;R$ 243,89;R$ 5.705.318,77;;;GP;1004;Merc Inter Comercial;69;FP;;HA.R54Q7;2021300541;SZSP;RSO5CM0OPCR7EPRCUE
98472606;5400;Unidade Limeira SP;70800114;67;SP;98472606;1;0LBI_200_C_9_DFXG0_1M5010;183.770;0.0;0.0;0.0;0.0;0.0;0.0;0.0;0.0;0.0;-3491.63;0.0;R$ 130.543,04;R$ 23.989.894.460,80;;;DE;5400;Merc Inter Imune;67;BO;664101002;9G0CBK0;70800114;SZSP;V0NNGLROBC0DRK9
98505953;1004;CDL S칚o Paulo;2091324;69;SP;98505953;1;0__BF_1MAD710LX2I3_0S5_70;1.740.444;0.0;0.0;0.0;0.0;-970.58;0.0;0.0;0.0;0.0;0.0;0.0;R$ 15.034,85;R$ 26.167.314.473,40;;;AG;1004;Merc Inter Imune;69;FP;;420AB.S;2091324;SZSP;PRACC
98489171;1004;CDL S칚o Paulo;4120109330;69;SP;98489171;1;PREMT_7R_R_O5AB5I4X_C0_;23.396;0.0;0.0;0.0;0.0;0.0;-8.33;0.0;0.0;0.0;0.0;0.0;R$ 219,56;R$ 5.136.825,76;;;11;1004;Merc Inter Comercial;69;FP;;7RH4A55.;4120109330;SZSP;7CXEEUP57IRSR5PM0E
98480042;1004;CDL S칚o Paulo;525053101;69;SP;98480042;1;0D_01HB3M_0KI_30LXF_17_07;3.394.857;0.0;0.0;0.0;0.0;-1519.73;0.0;0.0;0.0;0.0;0.0;0.0;R$ 22.869,66;R$ 77.639.225.338,62;;;PR;1004;Merc Inter Imune;69;FP;1160000642;0HKB.03;525053101;SZSP;AARLANADAFLTO24SL0
98510838;1004;CDL S칚o Paulo;1400840001;69;SP;98510838;1;1F6IOPM_800C0X4_8N_0F7__0;239.355;0.0;0.0;0.0;0.0;-171.64;0.0;0.0;0.0;0.0;0.0;0.0;R$ 2.992,79;R$ 716.339.250,45;;;AG;1004;Merc Inter Comercial;69;FP;;5TB1C1F;1400840001;SZSP;FOFVR
98496650;1004;CDL S칚o Paulo;570400291;69;SP;98496650;1;XB_8I0M4L80_00160PFN_D2__;390.238;0.0;0.0;0.0;0.0;-181.33;0.0;0.0;0.0;0.0;0.0;0.0;R$ 3.301,05;R$ 1.288.195.149,90;;;GA;1004;Merc Inter Imune;69;FP;;B090CBT;570400291;SZSP;FFVRO
98489394;1004;CDL S칚o Paulo;290651105;69;SP;98489394;1;47_5ABI_O_ET_R0RMPR;280.714;0.0;0.0;0.0;0.0;0.0;-169.75;0.0;0.0;0.0;0.0;0.0;R$ 2.579,05;R$ 723.975.441,70;;;11;1004;Merc Inter Comercial;69;FP;;54RH.AQ7;290651105;SZSP;EX7RCM5E7P0RSPU5ER
98514055;1101;Unidade Suzano SP;2800000912;69;SP;98514055;1;05_C6XO104_13_M1S00I_N2B_;35.730;0.0;0.0;0.0;0.0;0.0;0.0;0.0;0.0;0.0;-571.68;0.0;R$ 35.464,53;R$ 1.267.147.656,90;;;OE;1101;Merc Inter Comercial;69;BO;1026401600;5PS226.;2800000912;SZSP;S6P0EPG3CCNOUS6PD4
98467905;1004;CDL S칚o Paulo;4391001000;69;SP;98467905;1;MO_ARBP_T_7E5IRR_40;46.786;0.0;0.0;0.0;0.0;0.0;2.38;0.0;0.0;0.0;0.0;0.0;R$ 515,18;R$ 24.103.211,48;;;71;1004;Merc Inter Comercial;69;FP;;.RQ574AH;4391001000;SZSP;COCCRUMPEEOPRR07S5
98519163;5400;Unidade Limeira SP;601148010;69;SP;98519163;1;2P1M_N0_054I_13D00LB_XB1_;94.590;0.0;0.0;0.0;0.0;0.0;0.0;0.0;0.0;0.0;-2080.98;0.0;R$ 74.233,29;R$ 7.021.726.901,10;;;DE;5400;Merc Inter Imune;69;BO;140062160;B5CB11T;601148010;SZSP;CBDBLT51OFFRCV1
98514482;1004;CDL S칚o Paulo;1053900012;69;SP;98514482;1;X05_00_9N__0M6PFC6OFI620_;9.900;0.0;0.0;0.0;0.0;0.0;0.0;0.0;0.0;0.0;0.0;0.0;R$ 13.944,78;R$ 138.053.322,00;;;GA;1004;Merc Inter Comercial;69;FP;;0TBF30C;1053900012;SZSP;HC
98536890;1004;CDL S칚o Paulo;1017104303;69;SP;98536890;1;X66CIOAB5000OB__R9C_00_C_6_M4_F;171;0.0;0.0;0.0;0.0;0.0;0.0;0.0;0.0;0.0;0.0;0.0;R$ 336,74;R$ 57.582,54;;;17;1004;Merc Inter Comercial;69;FP;;ACTVCTC.B;1017104303;SZSP;AC
98535405;1101;Unidade Suzano SP;510104083;68;SP;98535405;1;OCI30_205B5_150__609_NXSM;10.780;0.0;0.0;0.0;0.0;0.0;0.0;0.0;0.0;0.0;-172.48;0.0;R$ 11.514,21;R$ 124.123.183,80;;;ED;1101;Merc Inter Comercial;68;BO;1650012400;P.5S226;510104083;SZSP;E2COP6GSPC9DU6NPS5
98496518;1101;Unidade Suzano SP;10919070;67;SP;98496518;1;305AI_BC1010__AAO_X27M0_0;241.060;0.0;0.0;0.0;0.0;-29756.97;0.0;-65312.59;0.0;0.0;-4821.2;0.0;R$ 166.704,46;R$ 40.185.777.127,60;;;ID;1101;Merc Inter Comercial;67;BO;106040612;7AAA.05;10919070;SZSP;ANRPP
98536593;1059;CD Campinas;1013021012;67;SP;98536593;1;IR_T5ME_XBCAP4_R_OR_705;23.396;0.0;0.0;0.0;0.0;0.0;8.94;0.0;0.0;-13.29;0.0;0.0;R$ 218,90;R$ 5.121.384,40;;;17;1059;Merc Inter Comercial;67;FP;;5RH.47A5;1013021012;SZSP;U7SR0X5EI5EPE7PRMC
98509814;1004;CDL S칚o Paulo;1001087364;69;SP;98509814;1;7_N00O0P_B__6_96001IMFCX6;26.926;0.0;0.0;0.0;0.0;0.0;0.0;0.0;0.0;0.0;0.0;0.0;R$ 300,28;R$ 8.085.339,28;;;17;1004;Merc Inter Comercial;69;FP;;RBHXXFIVC;1001087364;SZSP;ORVFF
98538542;1004;CDL S칚o Paulo;4050411005;69;SP;98538542;1;CM9____6060_FI6O1F0CXG051;54.659;0.0;0.0;0.0;0.0;-25.49;0.0;0.0;0.0;0.0;0.0;0.0;R$ 611,92;R$ 33.446.935,28;;;AG;1004;Merc Inter Comercial;69;FP;;90CGK0B;4050411005;SZSP;ROVNN
98491003;1059;CD Campinas;803011060;67;SP;98491003;1;MEI40PROB__5__ARTR7;46.786;0.0;0.0;0.0;0.0;0.0;11.0;0.0;0.0;0.0;0.0;-490.74;R$ 490,74;R$ 22.959.761,64;;;11;1059;Merc Inter Comercial;67;FP;;4Q.A57HR;803011060;SZSP;RE7MSEPP7RERUC50X5
98471332;1101;Unidade Suzano SP;2181270;69;SP;98471332;1;2_9X0O0__758S05BM_N15CI_6;28.490;0.0;0.0;0.0;0.0;0.0;0.0;0.0;0.0;0.0;-455.84;0.0;R$ 30.453,49;R$ 867.619.930,10;;;FA;1101;Merc Inter Comercial;69;BO;1100060426;2S6.P25;2181270;SZSP;CCAPR
98487359;1059;CD Campinas;44811906;67;SP;98487359;1;D__69A0006B0RE2_L_B1_960XC_R00MOI_F_;14.448;0.0;0.0;0.0;0.0;0.0;0.0;0.0;0.0;0.0;0.0;0.0;R$ 3.270,83;R$ 47.256.951,84;;;11;1059;Merc Inter Comercial;67;FP;;DAB0.2D0T;44811906;SZSP;AD
98483881;1041;CDL Ribeir칚o Preto;10512;68;SP;98483881;1;I60_6NXMP000_607F_O9__B1C;13.463;0.0;0.0;0.0;0.0;0.0;0.0;0.0;0.0;0.0;0.0;0.0;R$ 1.824,38;R$ 24.561.627,94;;;PG;1041;Merc Inter Comercial;68;FP;;151BCBT;10512;SZSP;FFRVO
98538699;1059;CD Campinas;120005189;68;SP;98538699;1;400O_FM_9_06FI8CG__0C0X80;1.267.241;0.0;0.0;0.0;0.0;-616.51;0.0;-12.65;0.0;0.0;0.0;0.0;R$ 14.655,82;R$ 18.572.455.992,62;;;GA;1059;Merc Inter Comercial;68;FP;;CK90GB0;120005189;SZSP;NONRV
98504043;1004;CDL S칚o Paulo;1170330037;69;SP;98504043;1;_46L_9_G8F_C0_XD800MF0I00;2.509.138;0.0;0.0;0.0;0.0;0.0;-412.67;0.0;0.0;0.0;0.0;0.0;R$ 19.217,08;R$ 48.218.305.677,04;;;GP;1004;Merc Inter Imune;69;FP;620110640;C0B0G9K;1170330037;SZSP;ONRVN
98482584;1101;Unidade Suzano SP;600614000;69;SP;98482584;1;_05PBI_M_011023W00_TX5OC_;72.170;0.0;0.0;0.0;0.0;0.0;0.0;0.0;0.0;0.0;-1154.72;0.0;R$ 78.870,68;R$ 5.692.096.975,60;;;OE;1101;Merc Inter Comercial;69;BO;1510070076;P05W2.T;600614000;SZSP;OCXE0W3PRPT5CPIET
98528916;5400;Unidade Limeira SP;10609110;69;SP;98528916;1;201I0AD_L_000_27_AAX1F8_M;109.440;0.0;0.0;0.0;0.0;0.0;0.0;0.0;0.0;0.0;0.0;0.0;R$ 65.388,83;R$ 7.156.153.555,20;;;DE;5400;Merc Inter Imune;69;FP;4106206010;A0A.A57;10609110;SZSP;APPRN
98521187;1004;CDL S칚o Paulo;8013800601;69;SP;98521187;1;A_BNES_07I45AN_IHMRN_;93.583;0.0;0.0;0.0;0.0;0.0;-62.26;0.0;0.0;0.0;0.0;0.0;R$ 906,95;R$ 84.875.101,85;;;11;1004;Merc Inter Comercial;69;FP;;RES.NB;8013800601;SZSP;N5NIEE7XCEIETMSNUS
98480099;1004;CDL S칚o Paulo;5190126000;69;SP;98480099;1;_ID02L_F0_6M61N0X9_0P0_6F;199.595;0.0;0.0;0.0;0.0;-148.39;0.0;0.0;0.0;0.0;0.0;0.0;R$ 1.619,94;R$ 323.331.924,30;;;AG;1004;Merc Inter Imune;69;FP;;9TBCF00;5190126000;SZSP;VRFFO
98522027;1059;CD Campinas;8810023100;67;SP;98522027;1;61__F00X_690B1L_6M5_DP0NI;1.147.829;0.0;0.0;0.0;0.0;0.0;-203.95;0.0;0.0;0.0;0.0;0.0;R$ 9.958,50;R$ 11.430.655.096,50;;;GP;1059;Merc Inter Imune;67;FP;;T1B5C1B;8810023100;SZSP;RVOFF
98504652;1041;CDL Ribeir칚o Preto;822300070;68;SP;98504652;1;9__O6CC6OXM_0I_40_BBR0_C05F_6A0;12.825;0.0;0.0;0.0;0.0;0.0;0.0;0.0;0.0;0.0;0.0;0.0;R$ 2.476,39;R$ 31.759.701,75;;;PG;1041;Merc Inter Comercial;68;FP;;CCATBTCV.;822300070;SZSP;CA
98540259;5400;Unidade Limeira SP;2031010010;69;SP;98540259;1;A2O0102__01AMX0B1CA__00I_;58.090;0.0;0.0;0.0;0.0;0.0;0.0;0.0;0.0;0.0;-929.44;0.0;R$ 45.461,68;R$ 2.640.868.991,20;;;EO;5400;Merc Inter Comercial;69;BO;21610604;A0.5A7A;2031010010;SZSP;RPAPN
98475576;1101;Unidade Suzano SP;1014031970;69;SP;98475576;1;A06O__SA8M40I_5X_A80060_C;121.440;0.0;0.0;0.0;0.0;0.0;0.0;0.0;0.0;0.0;0.0;0.0;R$ 106.381,37;R$ 12.918.953.572,80;;;ED;1101;Merc Inter Comercial;69;FS;1006601024;.A5A60A;1014031970;SZSP;APRPN
98510315;1058;CDL Londrina;7700040001;69;SP;98510315;1;61__0X21MIOBPNC_0750_11_F;122.377;0.0;0.0;0.0;0.0;-62.68;0.0;0.69;0.0;0.0;0.0;0.0;R$ 1.432,33;R$ 175.284.248,41;;;AG;1058;Merc Inter Comercial;69;FP;;B1C51BT;7700040001;SZSP;OFVFR
98465731;1004;CDL S칚o Paulo;641406011;69;SP;98465731;1;R_PM5AIB0ETR7O_4__R;70.179;0.0;0.0;0.0;0.0;0.0;3.57;0.0;0.0;-41.17;0.0;0.0;R$ 720,06;R$ 50.533.090,74;;;17;1004;Merc Inter Comercial;69;FP;;QA54.H7R;641406011;SZSP;US0ERRP5MRP5ECE7X7
98514651;1041;CDL Ribeir칚o Preto;1179008059;68;SP;98514651;1;F_6920307CCX6_AF_B_0DR6M_O__O1_E0I00;3.288;0.0;0.0;0.0;0.0;0.0;0.0;0.0;0.0;0.0;0.0;0.0;R$ 717,10;R$ 2.357.824,80;;;17;1041;Merc Inter Comercial;68;FP;;A0T0FDD.2;1179008059;SZSP;AD
98515342;1004;CDL S칚o Paulo;3001321702;69;SP;98515342;1;_RE0_5R4T_OAMR_IPB7;23.393;0.0;0.0;0.0;0.0;0.0;-1.95;0.0;0.0;0.0;0.0;0.0;R$ 233,44;R$ 5.460.861,92;;;PG;1004;Merc Inter Comercial;69;FP;;4H5.RA7Q;3001321702;SZSP;OSROCCRRC5E0PU7MPE
98488241;1004;CDL S칚o Paulo;707270161;69;SP;98488241;1;04A9X5___0O__C6BC__0F00OC6IMRB6;855;0.0;0.0;0.0;0.0;0.0;0.0;0.0;0.0;0.0;0.0;0.0;R$ 163,74;R$ 139.997,70;;;GP;1004;Merc Inter Comercial;69;FP;;CVCTT.CAB;707270161;SZSP;CA
98508664;1059;CD Campinas;4709010403;68;SP;98508664;1;ICN6OF_69_306M000_0__P0XF;19.008;0.0;0.0;0.0;0.0;0.0;0.0;0.0;0.0;0.0;0.0;0.0;R$ 2.579,06;R$ 49.022.772,48;;;GA;1059;Merc Inter Comercial;68;FP;;FT0CB03;4709010403;SZSP;HC
98533915;2100;Unidade Mucuri BA;6600401010;69;SP;98533915;1;254P_7B00RI1FM_4OX_0_5_C6;155.150;0.0;0.0;0.0;0.0;0.0;0.0;0.0;0.0;0.0;-2482.4;0.0;R$ 103.484,27;R$ 16.055.584.490,50;;;DE;2100;Merc Inter Comercial;69;BO;606101042;70P0SF.;6600401010;SZBA;PAPRN
98466580;5400;Unidade Limeira SP;2000110093;69;SP;98466580;1;10N01_MLF8I05FX1_9D0P7___;119.690;0.0;0.0;0.0;0.0;0.0;0.0;0.0;0.0;0.0;0.0;0.0;R$ 97.334,97;R$ 11.650.022.559,30;;;DE;5400;Merc Inter Imune;69;FP;241060016;B1F5C1T;2000110093;SZSP;ORFVF
98488831;5400;Unidade Limeira SP;79411201;69;SP;98488831;1;G0__0B1ME0_10X0_041COI_B1;20.920;0.0;0.0;0.0;0.0;0.0;-1070.82;0.0;0.0;0.0;-334.72;0.0;R$ 17.049,69;R$ 356.679.514,80;;;GP;5400;Merc Inter Comercial;69;BO;;A.9BGE0;79411201;SZSP;RNPAP
98503509;5400;Unidade Limeira SP;160010038;49;SP;98503509;1;O_F__6_S081_C0I0M5FX48C10;89.400;0.0;0.0;0.0;0.0;-10125.81;0.0;-8651.49;0.0;0.0;0.0;0.0;R$ 83.577,92;R$ 7.471.866.048,00;;;PD;5400;Merc Inter Comercial;49;FP;4601006210;C09KFG0;160010038;SZSP;NONRV
98477114;1059;CD Campinas;9006586920;67;SP;98477114;1;66AFA_0M0O2A__C_0XI9600_1;57.038;0.0;0.0;0.0;0.0;0.0;-7.75;0.0;0.0;-25.56;0.0;0.0;R$ 597,69;R$ 34.091.042,22;;;PG;1059;Merc Inter Comercial;67;FP;;A5A.07A;9006586920;SZSP;LF1RTONLAAA2C0AAOS
98472215;1101;Unidade Suzano SP;9000100741;69;SP;98472215;1;621BI__05FLM091_A0X_0S0D_;24.980;0.0;0.0;0.0;0.0;-1863.66;0.0;0.0;0.0;0.0;0.0;0.0;R$ 21.692,79;R$ 541.885.894,20;;;PR;1101;Merc Inter Imune;69;FP;6610004201;420.ABS;9000100741;SZSP;RCPCA
98527340;1004;CDL S칚o Paulo;130000246;69;SP;98527340;1;E___5RTBRM_70PA4OIR;70.179;0.0;0.0;0.0;0.0;0.0;3.57;0.0;0.0;-41.17;0.0;0.0;R$ 771,04;R$ 54.110.816,16;;;71;1004;Merc Inter Comercial;69;FP;;AR75.4HQ;130000246;SZSP;ECRR7USOMR0PPCCEO5
98480984;1059;CD Campinas;5952003075;67;SP;98480984;1;MX5616CN_6P0__0BBRF900O_I_0_;4.752;0.0;0.0;0.0;0.0;0.0;0.0;0.0;0.0;0.0;0.0;0.0;R$ 631,28;R$ 2.999.842,56;;;GP;1059;Merc Inter Comercial;67;FP;;T11CBB5;5952003075;SZSP;CH
98508845;1004;CDL S칚o Paulo;320046860;69;SP;98508845;1;MR5TA__7MOE_0AP_R4I;233.958;0.0;0.0;0.0;0.0;0.0;-196.09;0.0;0.0;0.0;0.0;0.0;R$ 2.452,62;R$ 573.810.069,96;;;11;1004;Merc Inter Comercial;69;FP;;OOCLRC.S;320046860;SZSP;USXAOEMHMCOLIRACCR
98468131;5400;Unidade Limeira SP;1000760402;69;SP;98468131;1;202DM_1A0_7AI_0AXL5_F400_;79.830;0.0;0.0;0.0;0.0;0.0;0.0;0.0;0.0;0.0;0.0;0.0;R$ 51.025,82;R$ 4.073.391.210,60;;;EN;5400;Merc Inter Imune;69;FP;4016016020;A04.5AA;1000760402;SZSP;RPNPA
98518033;1101;Unidade Suzano SP;103008800;69;SP;98518033;1;_2SMX060N_IS_6555_65O2_C8;121.420;0.0;0.0;0.0;0.0;0.0;0.0;0.0;0.0;0.0;0.0;0.0;R$ 120.754,04;R$ 14.661.955.536,80;;;FA;1101;Merc Inter Comercial;69;FS;6000031911;.SP5622;103008800;SZSP;CRACP
98506511;1101;Unidade Suzano SP;1310500010;69;SP;98506511;1;SX7_MC0_406A0_6_0_0A5OAI5;95.850;0.0;0.0;0.0;0.0;0.0;0.0;0.0;0.0;0.0;0.0;0.0;R$ 82.859,03;R$ 7.942.038.025,50;;;EO;1101;Merc Inter Comercial;69;FS;6611400002;5A.0A6A;1310500010;SZSP;PANRP
98541152;1004;CDL S칚o Paulo;515129004;69;SP;98541152;1;_ECIOT705A_R4RBRPXM___5;70.188;0.0;0.0;0.0;0.0;0.0;-16.9;0.0;0.0;-39.74;0.0;0.0;R$ 704,89;R$ 49.474.819,32;;;71;1004;Merc Inter Comercial;69;FP;;7RAH.554;515129004;SZSP;ME07CUREI75PRXSEP5
98516215;5400;Unidade Limeira SP;100010900;69;SP;98516215;1;_IN8_0XL508_400F_1M_6F0PD;6.760;0.0;0.0;0.0;0.0;-480.28;0.0;0.0;0.0;0.0;0.0;0.0;R$ 4.622,43;R$ 31.247.626,80;;;RP;5400;Merc Inter Imune;69;FP;6040016210;FCFIVXRHX;100010900;SZSP;FORFV
98529031;1059;CD Campinas;1704031000;69;SP;98529031;1;_0I0900_AA__0XD19LF17M_A8;1.546.286;0.0;0.0;0.0;0.0;-972.61;0.0;-230.41;0.0;0.0;0.0;0.0;R$ 10.748,64;R$ 16.620.471.551,04;;;GA;1059;Merc Inter Imune;69;FP;;5A7.0AA;1704031000;SZSP;NRPPA
98535636;1004;CDL S칚o Paulo;301140200;69;SP;98535636;1;_0__6AF96E_0XS7650_O0MCZI0B_;594;0.0;0.0;0.0;0.0;0.0;0.0;0.0;0.0;0.0;0.0;0.0;R$ 638,03;R$ 378.989,82;;;PG;1004;Merc Inter Comercial;69;FP;;TB.SMBCVS;301140200;SZSP;SB
98498081;1041;CDL Ribeir칚o Preto;9714010070;68;SP;98498081;1;C0_IFFO_0961_606_0P_0M7XN;269.259;0.0;0.0;0.0;0.0;0.0;0.0;0.0;0.0;0.0;0.0;0.0;R$ 3.272,72;R$ 881.209.314,48;;;GP;1041;Merc Inter Comercial;68;FP;;IXFVHCRXF;9714010070;SZSP;ROFFV
98540442;1059;CD Campinas;1547010170;67;SP;98540442;1;40I_X7B__5RA_R5_MPROCTE;140.375;0.0;0.0;0.0;0.0;0.0;-48.43;0.0;0.0;0.0;0.0;0.0;R$ 1.338,33;R$ 187.868.073,75;;;11;1059;Merc Inter Comercial;67;FP;;RH5.475A;1547010170;SZSP;0ERIUSCPME5PX577RE
98503913;1059;CD Campinas;102046300;67;SP;98503913;1;CCBI66_0O05XAR6500C____F_0O9B_MF;26.151;0.0;0.0;0.0;0.0;0.0;0.0;0.0;0.0;0.0;0.0;0.0;R$ 513,15;R$ 13.419.385,65;;;91;1059;Merc Inter Comercial;67;FP;;CCABVT.CF;102046300;SZSP;AC
98507038;1041;CDL Ribeir칚o Preto;28710;68;SP;98507038;1;NLB180X_00P560D0F8_M4_I__;380.057;0.0;0.0;0.0;0.0;-278.48;0.0;-4.93;0.0;0.0;0.0;0.0;R$ 3.171,22;R$ 1.205.244.359,54;;;GA;1041;Merc Inter Imune;68;FP;;1CBTB51;28710;SZSP;FORVF
98536225;1059;CD Campinas;1900610074;67;SP;98536225;1;_M_05_9B00I_6EDC00XF_O0_6SV6;3.168;0.0;0.0;0.0;0.0;0.0;0.0;0.0;0.0;0.0;0.0;0.0;R$ 330,28;R$ 1.046.327,04;;;PG;1059;Merc Inter Comercial;67;FP;;BMCS.TVBS;1900610074;SZSP;SB
98520953;1004;CDL S칚o Paulo;41038410;69;SP;98520953;1;C40_FA8AM000IAO76__0X_0_8;492.647;0.0;0.0;0.0;0.0;0.0;-50.26;0.0;0.0;0.0;0.0;0.0;R$ 4.132,12;R$ 2.035.676.521,64;;;GP;1004;Merc Inter Comercial;69;FP;;A5A0.A7;41038410;SZSP;70AALANCTSLO0OAFRA
98499012;1101;Unidade Suzano SP;9020410150;69;SP;98499012;1;S_05_IO__S0NX6M500_32177C;7.420;0.0;0.0;0.0;0.0;-544.41;0.0;0.0;0.0;0.0;0.0;0.0;R$ 4.415,32;R$ 32.761.674,40;;;PR;1101;Merc Inter Comercial;69;FS;26046011;.S2625P;9020410150;SZSP;APCCR
98532866;1059;CD Campinas;1805060022;67;SP;98532866;1;RABOR_5_RP704MI_ET_;140.357;0.0;0.0;0.0;0.0;0.0;-3.36;0.0;0.0;-75.75;0.0;0.0;R$ 1.322,95;R$ 185.685.293,15;;;17;1059;Merc Inter Comercial;67;FP;;45QH7.RA;1805060022;SZSP;PM70SX5P7ER5REERUC
98489160;1004;CDL S칚o Paulo;7101315;69;SP;98489160;1;EOBAR_BI_7PRP_MR0T_5_R4;1.893.375;0.0;0.0;0.0;0.0;0.0;0.0;0.0;0.0;0.0;0.0;-15171.3;R$ 15.171,30;R$ 28.724.960.137,50;;;32;1004;Merc Inter Comercial;69;FP;;.HAR475Q;7101315;SZSP;EURP5RCPESCC7OORM0
98468907;1053;CDL Goi칙nia;258120020;70;TO;98468907;1;7__0M5HAN_SANIINA_4ME;116.979;0.0;0.0;0.0;0.0;-67.93;0.0;0.0;0.0;0.0;0.0;0.0;R$ 1.003,06;R$ 117.336.955,74;;;AR;1053;Merc Inter Comercial;70;FP;;LESORC.ON;258120020;SZGO;NRICATESXMNAMIEUES
;;;;;;;250;;73.156.971;;;;;;;;;;;;R$ 3.498.061,29;R$ 1.469.015.506.832,07;;;;;;;;;;;;
;;;;;;;;;;;;;;;;;;;;;;;;;;;;;;;;;;
;Quantidade vendida;M卜ia simples;Pre每 m卜io ponderado por volume;Volume ;Relev轟cia por volume;;;;;;;;;;;;;;;;;;;;;;;;;;;;;
refer沙cia:;Item Docto.Fat.;R$/KG;(KG*R$ GERAL)/KG;Soma qtd faturada;;;;;;;;;;;;;;;;;;;;;;;;;;;;;;
AM;4;R$ 0,035;R$ 6.548,70;1.208.403;1,65%;;;;;;;;;;;;;;;;;;;;;;;;;;;;;
BA;11;R$ 0,010;R$ 13.673,62;3.136.024;4,29%;;;;;;;;;;;;;;;;;;;;;;;;;;;;;
CE;9;R$ 0,012;R$ 46.440,84;5.763.784;7,88%;;;;;;;;;;;;;;;;;;;;;;;;;;;;;
DF;6;R$ 0,607;R$ 83.461,48;608.004;0,83%;;;;;;;;;;;;;;;;;;;;;;;;;;;;;
ES;6;R$ 0,026;R$ 6.102,69;1.188.991;1,63%;;;;;;;;;;;;;;;;;;;;;;;;;;;;;
GO;10;R$ 0,050;R$ 6.065,34;1.895.769;2,59%;;;;;;;;;;;;;;;;;;;;;;;;;;;;;
MG;22;R$ 0,033;R$ 14.503,87;5.682.776;7,77%;;;;;;;;;;;;;;;;;;;;;;;;;;;;;
MS;4;R$ 0,011;R$ 2.917,81;746.672;1,02%;;;;;;;;;;;;;;;;;;;;;;;;;;;;;
MT;9;R$ 0,011;R$ 1.072,18;526.672;0,72%;;;;;;;;;;;;;;;;;;;;;;;;;;;;;
PA;3;R$ 0,011;R$ 10.812,50;1.360.628;1,86%;;;;;;;;;;;;;;;;;;;;;;;;;;;;;
PE;8;R$ 0,011;R$ 1.938,50;906.307;1,24%;;;;;;;;;;;;;;;;;;;;;;;;;;;;;
PI;1;R$ 0,789;R$ 84.010,73;106.480;0,15%;;;;;;;;;;;;;;;;;;;;;;;;;;;;;
PR;22;R$ 0,021;R$ 10.671,88;5.368.535;7,34%;;;;;;;;;;;;;;;;;;;;;;;;;;;;;
RJ;25;R$ 0,021;R$ 10.193,06;10.101.081;13,81%;;;;;;;;;;;;;;;;;;;;;;;;;;;;;
RN;3;R$ 0,978;R$ 87.546,00;193.349;0,26%;;;;;;;;;;;;;;;;;;;;;;;;;;;;;
RO;1;R$ 0,008;R$ 18.908,83;2.339.286;3,20%;;;;;;;;;;;;;;;;;;;;;;;;;;;;;
RR;1;R$ 0,010;R$ 200,83;19.956;0,03%;;;;;;;;;;;;;;;;;;;;;;;;;;;;;
RS;12;R$ 0,039;R$ 8.340,06;3.133.211;4,28%;;;;;;;;;;;;;;;;;;;;;;;;;;;;;
SC;10;R$ 0,088;R$ 5.905,69;1.313.277;1,80%;;;;;;;;;;;;;;;;;;;;;;;;;;;;;
SE;3;R$ 0,011;R$ 47.157,01;5.859.858;8,01%;;;;;;;;;;;;;;;;;;;;;;;;;;;;;
SP;79;R$ 0,079;R$ 20.328,69;21.580.929;29,50%;;;;;;;;;;;;;;;;;;;;;;;;;;;;;
TO;1;R$ 0,009;R$ 1.003,06;116.979;0,16%;;;;;;;;;;;;;;;;;;;;;;;;;;;;;
TOTAL;250;R$ 2,871;R$ 487.803,39;73.156.971;;;;;;;;;;;;;;;;;;;;;;;;;;;;;;
;;;;;;;;;;;;;;;;;;;;;;;;;;;;;;;;;;
;;;;;;;;;;;;;;;;;;;;;;;;;;;;;;;;;;
;;;;;;;;;;;;;;;;;;;;;;;;;;;;;;;;;;
;;;;;;;;;;;;;;;;;;;;;;;;;;;;;;;;;;
REFER툁CIAS;;;;;;;;;;;;;;;;;;;;;;;;;;;;;;;;;;
;Qtd. Faturada (KG);Valor da Fatura;QTD FATURADA*R$;;;;;;;;;;;;;;;;;;;;;;;;;;;;;;;
AM;1.208.403;R$ 42.242,17;R$ 7.913.470.629,83;;;;;;;;;;;;;;;;;;;;;;;;;;;;;;;
BA;3.136.024;R$ 30.629,31;R$ 42.880.814.112,18;;;;;;;;;;;;;;;;;;;;;;;;;;;;;;;
CE;5.763.784;R$ 71.829,26;R$ 267.674.962.010,52;;;;;;;;;;;;;;;;;;;;;;;;;;;;;;;
DF;608.004;R$ 369.013,34;R$ 50.744.913.219,00;;;;;;;;;;;;;;;;;;;;;;;;;;;;;;;
ES;1.188.991;R$ 31.447,97;R$ 7.256.047.950,83;;;;;;;;;;;;;;;;;;;;;;;;;;;;;;;
GO;1.895.769;R$ 94.569,01;R$ 11.498.491.763,35;;;;;;;;;;;;;;;;;;;;;;;;;;;;;;;
MG;5.682.776;R$ 184.893,54;R$ 82.422.234.949,72;;;;;;;;;;;;;;;;;;;;;;;;;;;;;;;
MS;746.672;R$ 8.306,66;R$ 2.178.649.953,58;;;;;;;;;;;;;;;;;;;;;;;;;;;;;;;
MT;526.672;R$ 5.685,05;R$ 564.686.618,72;;;;;;;;;;;;;;;;;;;;;;;;;;;;;;;
PA;1.360.628;R$ 14.507,71;R$ 14.711.786.986,76;;;;;;;;;;;;;;;;;;;;;;;;;;;;;;;
PE;906.307;R$ 10.077,93;R$ 1.756.878.102,47;;;;;;;;;;;;;;;;;;;;;;;;;;;;;;;
PI;106.480;R$ 84.010,73;R$ 8.945.462.530,40;;;;;;;;;;;;;;;;;;;;;;;;;;;;;;;
PR;5.368.535;R$ 113.569,02;R$ 57.292.339.217,79;;;;;;;;;;;;;;;;;;;;;;;;;;;;;;;
RJ;10.101.081;R$ 213.487,71;R$ 102.960.970.878,14;;;;;;;;;;;;;;;;;;;;;;;;;;;;;;;
RN;193.349;R$ 189.173,43;R$ 16.926.931.397,87;;;;;;;;;;;;;;;;;;;;;;;;;;;;;;;
RO;2.339.286;R$ 18.908,83;R$ 44.233.161.295,38;;;;;;;;;;;;;;;;;;;;;;;;;;;;;;;
RR;19.956;R$ 200,83;R$ 4.007.763,48;;;;;;;;;;;;;;;;;;;;;;;;;;;;;;;
RS;3.133.211;R$ 122.744,40;R$ 26.131.167.190,18;;;;;;;;;;;;;;;;;;;;;;;;;;;;;;;
SC;1.313.277;R$ 116.019,13;R$ 7.755.812.843,29;;;;;;;;;;;;;;;;;;;;;;;;;;;;;;;
SE;5.859.858;R$ 62.713,05;R$ 276.333.403.793,98;;;;;;;;;;;;;;;;;;;;;;;;;;;;;;;
SP;21.580.929;R$ 1.713.029,15;R$ 438.711.976.668,86;;;;;;;;;;;;;;;;;;;;;;;;;;;;;;;
TO;116.979;R$ 1.003,06;R$ 117.336.955,74;;;;;;;;;;;;;;;;;;;;;;;;;;;;;;;
